"sikorskiradek";"#GloriousBrexit https://t.co/XMTQCCg7NV";"Fri Jan 19 12:25:34 +0000 2018";"5";"27";"1016301";"GloriousBrexit"
"sikorskiradek";"Dobrze.  Wysiłki polskich weteranów, diaspory i kolejnych polskich rządów, zaczynaja przynosić efekty.  Szacunek ta… https://t.co/pa1oWOH0X4";"Fri Jan 19 12:22:17 +0000 2018";"15";"72";"1016301";""
"sikorskiradek";"Wynik pomiędzy Jordanią a Tunezją to poniżej naszych aspiracji. https://t.co/peTNVvGlfM";"Fri Jan 19 12:13:03 +0000 2018";"3";"11";"1016301";""
"sikorskiradek";"Wyrzucając Macierewicza z rządu, Kaczyński przyznał się do klęski. https://t.co/xiRDLZiErx";"Fri Jan 19 08:56:16 +0000 2018";"14";"100";"1016301";""
"sikorskiradek";"'Dlaczego 33 z 50 najbardziej zanieczyszczonych miast Europy jest w Polsce.' https://t.co/Eyv7GDvH7Y";"Thu Jan 18 21:21:23 +0000 2018";"39";"164";"1016301";""
"sikorskiradek";"I bardzo dobrze. Tylko po co była dwuletnia wojenka o nic i pic dla naiwnych z reparacjami? https://t.co/qQ0U4jn2qZ";"Thu Jan 18 07:41:43 +0000 2018";"9";"100";"1016301";""
"sikorskiradek";"Może faktycznie bali się, że Antek przyjedzie do Pałacu z brygadą WOT? https://t.co/TMRL30s6L2";"Thu Jan 18 06:56:35 +0000 2018";"24";"169";"1016301";""
"sikorskiradek";"A darli się o ośmiorniczki. https://t.co/NTgKms7NLd";"Thu Jan 18 06:54:29 +0000 2018";"16";"106";"1016301";""
"sikorskiradek";"EU accuses Russia of 'orchestrated' disinformation campaign https://t.co/tMUMUU1loC";"Thu Jan 18 06:41:11 +0000 2018";"4";"12";"1016301";""
"sikorskiradek";"A to nieładnie.  Komuś zabrakło jaj. https://t.co/SfazSMB0WO";"Wed Jan 17 20:33:50 +0000 2018";"3";"89";"1016301";""
"sikorskiradek";"Za czasów kondominium rosyjsko-niemieckiego ministerstwom przysługiwało jedno stanowisko sekretarza stanu, nie licz… https://t.co/1H8ISUADgM";"Wed Jan 17 20:18:20 +0000 2018";"6";"33";"1016301";""
"sikorskiradek";"""Rozwiewa wszelkie wątpliwości.""  Zamach. https://t.co/PM0JwgPWlq";"Wed Jan 17 20:14:54 +0000 2018";"9";"48";"1016301";""
"sikorskiradek";"Kolejny sukces podmiotowej polityki zagranicznej. https://t.co/4cDSzN8ZL8";"Wed Jan 17 15:48:50 +0000 2018";"5";"95";"1016301";""
"sikorskiradek";"I to by było na tyle.  Wredny dziadyga znowu swoich wyznawców wziął za durniów. https://t.co/6TvFsx8S4j";"Wed Jan 17 13:28:14 +0000 2018";"41";"202";"1016301";""
"sikorskiradek";"'Wszystkie świństwa świata.' https://t.co/qBGtTlzUK0";"Wed Jan 17 12:39:17 +0000 2018";"3";"26";"1016301";""
"sikorskiradek";"""Teatralne gesty i budowa sekty wyznawców"". Prawicowy ekspert ocenia dwa lata Macierewicza.  https://t.co/A0ugtV0gru";"Wed Jan 17 12:32:45 +0000 2018";"38";"103";"1016301";""
"sikorskiradek";"Nie chcą płacić reparacji.  @pisorgpl nie dał rady.  https://t.co/26i2AqMmpJ via @OnetWiadomosci";"Wed Jan 17 12:18:36 +0000 2018";"5";"60";"1016301";""
"sikorskiradek";"Sprzętu rządowego, np. wojskowego, nie ubezpiecza się bo na dłuższą metę tak wychodzi taniej.  To niecelny zarzut. https://t.co/N7IJgCL3Py";"Wed Jan 17 09:45:15 +0000 2018";"2";"35";"1016301";""
"sikorskiradek";"Nie mogę się doczekać informacji po dzisiejszych rozmowach w Berlinie co do sumy reparacji jakie Niemcy wreszcie nam wypłacą.";"Wed Jan 17 09:17:42 +0000 2018";"53";"613";"1016301";""
"sikorskiradek";"Ale za to minister @mmagierowski na pewno nadal podróżuje pociągiem 2 klasą. https://t.co/NHhGi7Ja67";"Wed Jan 17 07:56:15 +0000 2018";"8";"65";"1016301";""
"sikorskiradek";"Niemcy twierdzą, że o reparacjach nie będzie mowy. Co na to Prezes? https://t.co/5yeE7KDm2b";"Wed Jan 17 06:59:47 +0000 2018";"4";"28";"1016301";""
"sikorskiradek";"Zalajkowałem ten cytat. Na zaś. https://t.co/sI8yTl9ssT";"Wed Jan 17 06:57:42 +0000 2018";"4";"35";"1016301";""
"sikorskiradek";"Elity @pisorgpl dobrze się bawią. https://t.co/NHhGi7Ja67";"Wed Jan 17 06:53:09 +0000 2018";"47";"241";"1016301";""
"sikorskiradek";"Putin atakuje, a Ameryka bierna. https://t.co/RdNbsnQVu2";"Tue Jan 16 21:26:52 +0000 2018";"5";"21";"1016301";""
"sikorskiradek";"Upartyjnienie wymiaru sprawiedliwości w praktyce.  W starciu z państwem PiS, każdy z nas może być Sebastianem K. al… https://t.co/GxB7Cjyf1k";"Tue Jan 16 16:10:14 +0000 2018";"47";"204";"1016301";""
"sikorskiradek";"""Węgry przyjęły uchodźców.""  Na pewno nie zawiodą też @pisorgpl ws. procedury z art.7 UE.  Tak jak w głosowaniu 1:2… https://t.co/Z5P5T2oSV2";"Tue Jan 16 15:04:56 +0000 2018";"103";"518";"1016301";""
"sikorskiradek";"Wygrałem z nim proces, który wytoczył mi za określenie go 'antysemitą i typem spod ciemnej gwiazdy.' https://t.co/k6KQ8oOoWZ";"Tue Jan 16 12:56:11 +0000 2018";"12";"115";"1016301";""
"sikorskiradek";"Ciekawe, czy z Aleksandra Halla, który był konserwatystą gdy oni grzecznie oglądali Bolka i Lolka, psychoprawica te… https://t.co/216BDv6Fwk";"Tue Jan 16 10:42:44 +0000 2018";"12";"93";"1016301";""
"sikorskiradek";"Dziś 26ta miesięcznica nieodzyskania wraku, niezwołania konferencji międzynarodowej, nieukarania zamachowców ze Smo… https://t.co/8ifzhyPCe6";"Tue Jan 16 07:49:24 +0000 2018";"39";"433";"1016301";""
"sikorskiradek";"I'm wondering who got the better end of the affair. https://t.co/YdVXlrLSOf";"Tue Jan 16 07:32:58 +0000 2018";"0";"7";"1016301";""
"sikorskiradek";"No właśnie. W 1939 wyszła nawet książka pt. 'Polska jest mocarstwem.' https://t.co/Qz6EF8aon0";"Tue Jan 16 07:25:12 +0000 2018";"9";"84";"1016301";""
"sikorskiradek";"Rozumiem Hitlera...Jude Raus....  https://t.co/5gJTCWQoWV";"Mon Jan 15 20:33:44 +0000 2018";"1";"25";"1016301";""
"sikorskiradek";"Partia Razem już raz dała pełnię władzy @pisorgpl https://t.co/PI64hAkw7D";"Mon Jan 15 19:18:17 +0000 2018";"25";"189";"1016301";""
"sikorskiradek";"Każdemu powinno być wolno nazywać szmalcownikami tych, którzy krytykuja naszą umiłowaną władzę. https://t.co/boW3kwj2JH";"Mon Jan 15 18:22:42 +0000 2018";"15";"91";"1016301";""
"sikorskiradek";"Dziś wigilia 26tej miesięcznicy nieodzyskania wraku, niezwołania konferencji międzynarodowej, nieukarania zamachowc… https://t.co/yfsiLc7guX";"Mon Jan 15 16:07:56 +0000 2018";"138";"928";"1016301";""
"sikorskiradek";"Tylko prawosławni księża masowo mordowani w Butowie i na Sołowkach tego nie doceniali. https://t.co/XDBgZevRVY";"Mon Jan 15 15:11:24 +0000 2018";"11";"89";"1016301";""
"sikorskiradek";"Ciekawe, czy FBI już znalazło tych KGBowców, którzy podrzucili na koncie FB pani konsul Biniendy zdjęcia Tuska w mu… https://t.co/UREnIgIBi0";"Mon Jan 15 11:51:52 +0000 2018";"60";"299";"1016301";""
"sikorskiradek";"Co fakt, to fakt.  Nie on jeden.  I tylko dziwi, że wielu z tych, którzy uwierzyli w smoleńskie urojenia, nie jest… https://t.co/cxXjS6dT8U";"Mon Jan 15 11:11:53 +0000 2018";"16";"78";"1016301";""
"sikorskiradek";"Aborcja jest zła! | Loose blues https://t.co/pX6HL0Pr1h";"Sun Jan 14 19:38:15 +0000 2018";"7";"36";"1016301";""
"sikorskiradek";"W którym 6000 uzbrojonych w dubeltówki patriotów-entuzjastów rzuciło się na stutysięczną armię.  Chwała bohaterom,… https://t.co/4jdjODt8aN";"Sun Jan 14 18:40:03 +0000 2018";"2";"36";"1016301";""
"sikorskiradek";"Wow.  Już 5800 zł.  Proszę o szczodrość dla noworodków. https://t.co/S1dEVUyN3y";"Sun Jan 14 18:37:31 +0000 2018";"21";"135";"1016301";""
"sikorskiradek";"Germany's Foreign Minister: 'We Are Seeing What Happens When the U.S. Pulls Back' https://t.co/8hxbbWk1de via @SPIEGELONLINE";"Sun Jan 14 16:56:12 +0000 2018";"4";"11";"1016301";""
"sikorskiradek";"Możliwość skorzystania z amnestii.  Ja też w tych dniach mam miękkie serce. Wystarczy napisać na biuro@radeksikorsk… https://t.co/c7nRzpd10j";"Sun Jan 14 15:15:31 +0000 2018";"20";"77";"1016301";""
"sikorskiradek";"O Polsce i świecie. https://t.co/M6p96VufSx";"Sun Jan 14 13:43:16 +0000 2018";"7";"72";"1016301";""
"sikorskiradek";"Totalna opozycja. https://t.co/vTv7QTRdpD";"Sun Jan 14 13:09:28 +0000 2018";"9";"84";"1016301";""
"sikorskiradek";"Już 5700 zł. Kto da więcej? https://t.co/6RYOuLlZoC";"Sun Jan 14 13:03:25 +0000 2018";"11";"94";"1016301";""
"sikorskiradek";"Marszałek Senatu za tym aby Marta Kaczyńska oddała odszkodowanie z polisy za wypadek komunikacyjny. https://t.co/ZmESUzIbOe via @DziennikPL";"Sun Jan 14 08:58:11 +0000 2018";"66";"330";"1016301";""
"sikorskiradek";"Przejażdżka rowerowa z Radosławem Sikorskim wylicytowana już na 5600 zł. https://t.co/S1dEVUyN3y";"Sun Jan 14 08:43:59 +0000 2018";"53";"385";"1016301";""
"sikorskiradek";"Sebastian K. może nie kochać. https://t.co/f4NbL0ZxOT";"Sat Jan 13 23:04:19 +0000 2018";"16";"168";"1016301";""
"sikorskiradek";"Przejażdżka rowerowa z Radosławem Sikorskim https://t.co/S1dEVUyN3y";"Sat Jan 13 10:50:06 +0000 2018";"12";"53";"1016301";""
"sikorskiradek";"Składali. https://t.co/HBXZhUW4Xm";"Sat Jan 13 10:48:32 +0000 2018";"12";"126";"1016301";""
"sikorskiradek";"O dalsze doskonalenie demokracji socjalistycznej. https://t.co/E4gIknGXrM";"Sat Jan 13 10:31:01 +0000 2018";"17";"153";"1016301";""
"sikorskiradek";"Nie rozmawiałem ze Stratfor. https://t.co/EA7msKvr0i";"Fri Jan 12 18:18:48 +0000 2018";"3";"26";"1016301";""
"sikorskiradek";"Ciekawe jaki jest cennik: ile za przesłuchanie polityka opozycji, ile za postawienie zarzutów i ile za zatrzymanie. https://t.co/E5Qt3COiGQ";"Fri Jan 12 17:35:56 +0000 2018";"47";"185";"1016301";""
"sikorskiradek";"I jadąc 50km/h trafiła na tydzień do szpitala. Powtarzam, w starciu z państwem PiS, każdy z nas jest Sebastianem K. https://t.co/eDj3y2WOlJ";"Fri Jan 12 08:58:41 +0000 2018";"230";"824";"1016301";""
"sikorskiradek";"Macierewicz o katastrofie smoleńskiej: Ta zbrodnia nie może ujść płazem, trzeba wskazać odpowiedzialnych… https://t.co/Zt18fyEFyF";"Fri Jan 12 06:36:41 +0000 2018";"7";"25";"1016301";""
"sikorskiradek";"Testem sukcesu Macierewicza w udowadnianiu zamachu będzie to, czy Marta Kaczyńska odda odszkodowanie, które dostała za wypadek.";"Fri Jan 12 06:34:20 +0000 2018";"194";"1144";"1016301";""
"sikorskiradek";"Co za bzdura. Zadaniem instytucji unijnych jest czuwanie nad przestrzeganiem dobrowolnie zawartych traktatów. https://t.co/OBB0CMZrsj";"Fri Jan 12 06:26:50 +0000 2018";"33";"175";"1016301";""
"sikorskiradek";"Niall Ferguson: By the Book https://t.co/OmmPIQVykj";"Thu Jan 11 20:03:21 +0000 2018";"2";"9";"1016301";""
"sikorskiradek";"Jeszcze trochę i - jak za komuny - przestępcy sami będą się zgłaszać na policję. https://t.co/GeGpfYs09T";"Thu Jan 11 16:53:39 +0000 2018";"6";"63";"1016301";""
"sikorskiradek";"Jak by dał Owsiakowi to by znalazło. 'CBA nie znalazło nieprawidłowości w oddaniu za bezcen gruntów Rydzykowi.' https://t.co/SkNoHt74y1";"Thu Jan 11 16:08:45 +0000 2018";"40";"171";"1016301";""
"sikorskiradek";"Dobrze mu tak. https://t.co/8HHLXLP0mw";"Thu Jan 11 14:57:38 +0000 2018";"8";"94";"1016301";""
"sikorskiradek";"Późni bohaterowie psychoprawicy.  Niektórzy z nas nie musieli ustawiać sobie zdjęć na wojnie z agencyjnej puszki. https://t.co/JQwtGfdqRs";"Thu Jan 11 14:33:12 +0000 2018";"12";"142";"1016301";""
"sikorskiradek";"Bilans dobrej zmiany w @MSZ_RP. https://t.co/PBcd3CtHDP";"Thu Jan 11 12:49:15 +0000 2018";"5";"24";"1016301";""
"sikorskiradek";"Całość mojego wywiadu w Faktach po Faktach. https://t.co/1LiraOafFv";"Thu Jan 11 10:47:12 +0000 2018";"16";"85";"1016301";""
"sikorskiradek";"Doszedł do 'prawdy.' https://t.co/rfFPhI7rWE";"Thu Jan 11 08:36:20 +0000 2018";"79";"462";"1016301";""
"sikorskiradek";"A ta 'prawda' to wypadek czy zamach? https://t.co/29qj3Dkoqa";"Thu Jan 11 06:43:47 +0000 2018";"3";"53";"1016301";""
"sikorskiradek";"Ksiądz Profesor: ""W imię genderyzmu ktoś może narzucić, by w kadrze dowódczej był parytet homo- i heteroseksualistó… https://t.co/V6Wwzgcakx";"Wed Jan 10 21:59:53 +0000 2018";"0";"10";"1016301";""
"sikorskiradek";"""Radosław Sikorski w Faktach po faktach o rekonstrukcji rządu. "" - TVN24 https://t.co/UvNw7l4kDd";"Wed Jan 10 21:53:05 +0000 2018";"3";"45";"1016301";""
"sikorskiradek";"Ciekawe dlaczego wobec tego na zapisie z kokpitu słychać desperackie krzyki pilotów, a nie słychać wybuchu? https://t.co/Ziot7rm2uM";"Wed Jan 10 18:56:19 +0000 2018";"31";"238";"1016301";""
"sikorskiradek";"Zdrada, wszędzie zdrada... https://t.co/K2PrtlILgV";"Wed Jan 10 14:04:46 +0000 2018";"15";"103";"1016301";""
"sikorskiradek";"Prezes Rady Ministrów Mateusz Morawiecki, Prezydent RP Andrzej Duda: Żądamy przywrócenia Antoniego Macierewicza na… https://t.co/B92gajVQZO";"Tue Jan 09 22:16:48 +0000 2018";"20";"114";"1016301";""
"sikorskiradek";"Nie sądzę aby istniało niebezpieczeństwo zakwalifikowania Pana Prezydenta Andrzeja Dudy do tej samej kategorii co… https://t.co/R5rQDmr1Kr";"Tue Jan 09 22:08:36 +0000 2018";"12";"178";"1016301";""
"sikorskiradek";"Przejażdżka rowerowa z Radosławem Sikorskim https://t.co/S1dEVUyN3y";"Tue Jan 09 21:41:54 +0000 2018";"20";"90";"1016301";""
"sikorskiradek";"No i po naszej bombie atomowej... https://t.co/2pAGnKPOiv";"Tue Jan 09 13:04:45 +0000 2018";"5";"96";"1016301";""
"sikorskiradek";"Z chuligana na ministra nadzorującego policję - taka kariera tylko w @pisorgpl.  Bo to Prezes decyduje kto nie jest… https://t.co/bVMy262s5O";"Tue Jan 09 12:55:04 +0000 2018";"148";"1032";"1016301";""
"sikorskiradek";"Antek znowu moim następcą?! Można się zarazić manią prześladowczą. https://t.co/HBoLYXN5kE";"Tue Jan 09 12:31:06 +0000 2018";"11";"224";"1016301";""
"sikorskiradek";"Lepszy Roch Kowalski od kapusia, konfabulanta i świra.";"Tue Jan 09 12:04:15 +0000 2018";"51";"428";"1016301";""
"sikorskiradek";"Skorygowanie pomyłki kadrowej w @MSZ_RP zajęło mi rok; Prezesowi dwa lata. Zostawia Polskę jako protegowanego Węgie… https://t.co/WRI9xi8xzq";"Tue Jan 09 11:35:00 +0000 2018";"45";"312";"1016301";""
"sikorskiradek";"W sprawie winy bądź niewinności obywateli wypowiada się minister nadzorujący służby specjalne. Szybko poszło. https://t.co/CpxllLTR9r";"Tue Jan 09 07:57:43 +0000 2018";"32";"179";"1016301";""
"sikorskiradek";"Jeszcze parę tygodni rekonstrukcji i Antek ogłosi, że kupił bombę wodorową.";"Mon Jan 08 11:28:07 +0000 2018";"125";"1100";"1016301";""
"sikorskiradek";"Geniuszami są też Ci, którzy geniusza popierają wbrew lewackiej nagonce. https://t.co/fkH45i5HL6";"Sat Jan 06 14:24:24 +0000 2018";"19";"137";"1016301";""
"sikorskiradek";"Genius. https://t.co/RpFAVTyu5I";"Sat Jan 06 14:15:57 +0000 2018";"3";"46";"1016301";""
"sikorskiradek";"6 mln rocznie na komisję smoleńską Macierewicza, która niczego nie ustala. Dobrze być pisowskim pseudoekspertem. https://t.co/6p2gmOXxwD";"Sat Jan 06 14:10:19 +0000 2018";"97";"383";"1016301";""
"sikorskiradek";"Kaczyński też dawał; Tusk nie. https://t.co/GH4tjKMk8c";"Sat Jan 06 13:59:15 +0000 2018";"24";"113";"1016301";""
"sikorskiradek";"Jeśli nasz umiłowany rząd ma rację i Europę zalewają hordy muzułmańskie to tu może być nasza ostatnia reduta. Bisur… https://t.co/YOqnS4n6ET";"Sat Jan 06 12:35:11 +0000 2018";"9";"92";"1016301";""
"sikorskiradek";"Uff, chwała Bogu. https://t.co/hp4gUsnXZL";"Sat Jan 06 09:07:47 +0000 2018";"7";"67";"1016301";""
"sikorskiradek";"Na takim gościu rząd oparł bezpieczeństwo Polski konfliktując nas z Unią Europejską i sąsiadami. https://t.co/qKz1gaEF6L";"Sat Jan 06 07:47:40 +0000 2018";"43";"272";"1016301";""
"sikorskiradek";"Jak u nas. https://t.co/bicWEJvPIR";"Fri Jan 05 18:54:51 +0000 2018";"4";"35";"1016301";""
"sikorskiradek";"Próbowałem przekształcić Instytut Zachodni w think tank wspierający polską politykę zagraniczną ale oni wolą takie… https://t.co/sBkT9qu8Xz";"Fri Jan 05 18:36:29 +0000 2018";"4";"30";"1016301";""
"sikorskiradek";"Pluralizm według @pisorpl. https://t.co/HoWQOzwF4i";"Fri Jan 05 18:31:18 +0000 2018";"15";"77";"1016301";""
"sikorskiradek";"Czepiają się, bo facet tylko spowodował 5 mld zł strat i wyprowadził kasę do Luksemburga. A przecież ma takie zasłu… https://t.co/8sSHyRc0rw";"Fri Jan 05 14:08:56 +0000 2018";"54";"272";"1016301";""
"sikorskiradek";"Czy dobrze kojarzę, że @pisorgpl zwiększył karę za składanie fałszywych zeznań z 3 lat do 8miu?  Ich ustawy będą pr… https://t.co/7O3uV1lmu6";"Fri Jan 05 13:43:31 +0000 2018";"158";"808";"1016301";""
"sikorskiradek";"Swojska Szydło twierdziła, że rasizmu w Polsce nie ma. Tu, jednak uznanie dla faktów. Zawsze coś. Pytanie kto stwor… https://t.co/If0PVfya2d";"Fri Jan 05 12:36:31 +0000 2018";"13";"101";"1016301";""
"sikorskiradek";"Za naszych czasów już by były wnioski o odwołanie. https://t.co/UOW4bKGtfz";"Fri Jan 05 12:36:31 +0000 2018";"14";"73";"1016301";""
"sikorskiradek";"Ideolog amerykańskiego nacjonalizmu uważa, że spotkania sztabu Trumpa z Rosjanami były 'zdradzieckie.'  Nadwiślańsc… https://t.co/KCL6A6VbZD";"Fri Jan 05 11:00:17 +0000 2018";"43";"167";"1016301";""
"sikorskiradek";"Mój wywiad dla CrowdMedia. https://t.co/JGybrfC07Z";"Thu Jan 04 18:26:05 +0000 2018";"33";"110";"1016301";""
"sikorskiradek";"A zresztą gdy przychodzi do nagrywania prokuratora, Prokuratura nadinterpretowuje. Wolno nagrywać własne rozmowy; N… https://t.co/kuqztqqyku";"Thu Jan 04 18:03:09 +0000 2018";"6";"51";"1016301";""
"sikorskiradek";"Spadek liczby Polaków uczestniczących w niedzielnych mszach - TVN24 https://t.co/4PMQaC3xle";"Thu Jan 04 16:53:12 +0000 2018";"15";"112";"1016301";""
"sikorskiradek";"Entuzjastom antyeuropejskiego sojuszu z braćmi Węgrami przypominam, że od ponad stu lat, kogokolwiek Węgry poparły… https://t.co/h7fa4lNTIB";"Thu Jan 04 16:41:15 +0000 2018";"94";"689";"1016301";""
"sikorskiradek";"""Prokuratura na wieść o publikacji nagrania podkreśliła, że nagrywanie rozmowy bez zgody rozmówcy jest przestępstwe… https://t.co/pQzz9N2o8D";"Thu Jan 04 16:26:37 +0000 2018";"186";"682";"1016301";""
"sikorskiradek";"Zniesławienie?  https://t.co/XrOHURhbeg";"Thu Jan 04 09:47:08 +0000 2018";"2";"27";"1016301";""
"sikorskiradek";"Bo tak jest bardziej narodowo, suwerennie i patriotycznie.  Jak u nas. https://t.co/pF49VIKJjA";"Thu Jan 04 09:35:33 +0000 2018";"3";"39";"1016301";""
"sikorskiradek";"Trybunał Konstytucyjny klepnie. https://t.co/zPMIdgDSbQ";"Thu Jan 04 09:11:47 +0000 2018";"19";"99";"1016301";""
"sikorskiradek";"Psychoprawica konsekwentnie realizuje politykę Kremla sądząc, że tak jest patriotycznie.  Właśnie jak Targowica. https://t.co/jgeRLBz7LF";"Thu Jan 04 09:02:19 +0000 2018";"18";"116";"1016301";""
"sikorskiradek";"Dobrze, że przynajmniej oszczędzamy na ośmiorniczkach. https://t.co/weJqnY3EIf";"Wed Jan 03 18:15:02 +0000 2018";"21";"139";"1016301";""
"sikorskiradek";"Wow. Odważny prokurator. https://t.co/qJrJL3MQUi";"Wed Jan 03 17:43:36 +0000 2018";"5";"44";"1016301";""
"sikorskiradek";"Zgoda; z tym, że to nie dyplomaci decydują o polityce zagranicznej. A w tym rządzie nawet minister spraw zagraniczn… https://t.co/48q4rjP1Fe";"Wed Jan 03 17:08:21 +0000 2018";"1";"35";"1016301";""
"sikorskiradek";"To ten, którego akurat upodobał sobie minister obrony RP. https://t.co/EEuqwQpBaf";"Wed Jan 03 17:05:14 +0000 2018";"4";"32";"1016301";""
"sikorskiradek";"Emeryci, popierajcie Partię czynem, umierajcie przed terminem. https://t.co/jyGowpr5AO";"Wed Jan 03 08:24:54 +0000 2018";"20";"143";"1016301";""
"sikorskiradek";"What I'd like to know is what Brexiteers imagine the Far East yearns to buy from UK in greater quantities than toda… https://t.co/ykrHNuJSun";"Wed Jan 03 08:00:37 +0000 2018";"7";"20";"1016301";""
"sikorskiradek";"I have a bigger one. Ja mam większy. https://t.co/5I0h9CfUet";"Wed Jan 03 07:56:35 +0000 2018";"2";"31";"1016301";""
"sikorskiradek";"Ale jest swojska więc nie może być wredna. https://t.co/h2kWxXuRCN";"Tue Jan 02 21:03:06 +0000 2018";"12";"53";"1016301";""
"sikorskiradek";"Przecież wystarczy lekarzy zastąpić uzdrowicielami. https://t.co/97NSypY9Y5";"Tue Jan 02 17:48:45 +0000 2018";"20";"130";"1016301";""
"sikorskiradek";"Tak nas widzą dzięki swojskiej premier Szydło. https://t.co/jLIKtVZucL";"Tue Jan 02 17:32:54 +0000 2018";"15";"70";"1016301";""
"sikorskiradek";"Miały być epopeje narodowe a jest 'Smoleńsk' i 'Korona Królów.' Następny proponuję serial w TVPiS o dzielnych chłop… https://t.co/6Gb6qhfkRQ";"Tue Jan 02 17:10:29 +0000 2018";"78";"795";"1016301";""
"sikorskiradek";"Łgała, bezczelnie łamała konstytucję, zruinowała naszą pozycję międzynarodową, zniesławiała opozycję i szastała nas… https://t.co/4YmDcLltrU";"Tue Jan 02 16:54:04 +0000 2018";"111";"504";"1016301";""
"sikorskiradek";"'Ta zapaść polityczna, w której powoli pogrążamy się wszyscy, to po prostu zwykły faszyzm' https://t.co/SXXSd3RhBQ";"Tue Jan 02 14:56:38 +0000 2018";"15";"77";"1016301";""
"sikorskiradek";"Sensacja w aktach smoleńskich! ""Przez prezydenta zginie wielu ludzi"" https://t.co/ZrzLs3cKpW";"Tue Jan 02 14:24:55 +0000 2018";"260";"677";"1016301";""
"sikorskiradek";"Bo nie wystarcza dąć w narodowe dudy; Jeszcze trzeba coś umieć. https://t.co/4B32vKI47f";"Tue Jan 02 13:35:09 +0000 2018";"15";"156";"1016301";""
"sikorskiradek";"Dopiero dzięki @pisorgpl zrozumiałem to stare angielskie powiedzenie. https://t.co/roWHzDtWYH";"Tue Jan 02 10:13:41 +0000 2018";"31";"130";"1016301";""
"sikorskiradek";"Jeszcze niedawno Szwecja była naszym najbliższym sojusznikiem w realizowaniu wielkich europejskich projektów. https://t.co/JtJb5RvDfT";"Sun Dec 31 07:05:50 +0000 2017";"89";"380";"1016301";""
"sikorskiradek";"Gdyby Prezes nie ingerował, to w wielu miejscowościach upamiętniano by Lecha Kaczyńskiego nie dlatego, że był wybit… https://t.co/PmxHEJiZfv";"Sat Dec 30 19:00:10 +0000 2017";"140";"1128";"1016301";""
"sikorskiradek";"Prof. Tadeusz Bartoś: Polski katolicyzm atakuje każdego, kto jest inny, na ustach mając miłość i miłosierdzie. https://t.co/zfOvdf8mwI";"Sat Dec 30 18:04:53 +0000 2017";"87";"432";"1016301";""
"sikorskiradek";"Wszystko dla zamaskowania antypolskich knowań brukselskich elit.  Dla niepoznaki dają miliony nawet na renowacje ko… https://t.co/UeYaHfFWf2";"Sat Dec 30 11:46:49 +0000 2017";"20";"116";"1016301";""
"sikorskiradek";"Tupolewizm wiecznie żywy. https://t.co/EXKnScmkpH via @OnetWiadomosci";"Sat Dec 30 11:13:07 +0000 2017";"27";"155";"1016301";""
"sikorskiradek";"Ale wiadomo, że zawinił Sebastian K. https://t.co/CbXTsEgjiC";"Sat Dec 30 07:33:42 +0000 2017";"19";"124";"1016301";""
"sikorskiradek";"Ktoś robi łaskę. https://t.co/D9P7vDJo1A";"Fri Dec 29 22:21:02 +0000 2017";"7";"94";"1016301";""
"sikorskiradek";"Nieprawdziwa albo tylko przedwczesna. https://t.co/fv4i1CX56P";"Fri Dec 29 22:00:05 +0000 2017";"21";"159";"1016301";""
"sikorskiradek";"Znaleźli korupcję, u siebie, w rodzinie Prezesa. https://t.co/sUXUvyOcLB";"Fri Dec 29 15:38:33 +0000 2017";"90";"467";"1016301";""
"sikorskiradek";"Państwo @pisorgpl. https://t.co/DM8jEHmtuZ";"Fri Dec 29 15:36:13 +0000 2017";"65";"150";"1016301";""
"sikorskiradek";"Angola ma. https://t.co/fIOoabbJTs";"Fri Dec 29 09:26:59 +0000 2017";"0";"20";"1016301";""
"sikorskiradek";"Odpyskowuje Prezesowi; Znaczy się, już wie, że będą odwoływać? https://t.co/3EHOCy9gpo";"Fri Dec 29 09:03:12 +0000 2017";"7";"60";"1016301";""
"sikorskiradek";"Bydgoszcz walczy z dyktatem @pisorgpl. https://t.co/NgqdAGvusc";"Fri Dec 29 07:14:50 +0000 2017";"58";"349";"1016301";""
"sikorskiradek";"Na łasce braci Czechów. https://t.co/YMJC3xW6n8";"Thu Dec 28 17:04:15 +0000 2017";"9";"55";"1016301";""
"sikorskiradek";"Obrzydliwe, że minister spraw zagranicznych walczy o stanowisko chwaląc się skalą czystki  wśród polskich dyplomató… https://t.co/4zqGObTEsl";"Thu Dec 28 15:13:38 +0000 2017";"236";"1191";"1016301";""
"sikorskiradek";"Jewish humour lives. https://t.co/UiZuAfcPmk";"Thu Dec 28 15:02:40 +0000 2017";"1";"25";"1016301";""
"sikorskiradek";"PiS woli zwycięstwa moralne, czyli klęski. https://t.co/cF6twdadiz";"Thu Dec 28 14:28:20 +0000 2017";"10";"115";"1016301";""
"sikorskiradek";"Kiedyś premier Orban zabiegał o naszą życzliwość; teraz na odwrót.  Nie określiłbym tego jako awans Polski w hierar… https://t.co/eux023Wo3V";"Thu Dec 28 12:32:05 +0000 2017";"65";"351";"1016301";""
"sikorskiradek";"Opłacani z subwencji partyjnej @pisorgpl, czyli z budżetu państwa. https://t.co/G3I2RTAv4p";"Thu Dec 28 07:54:09 +0000 2017";"84";"266";"1016301";""
"sikorskiradek";"Pamiętajmy, wobec państwa @pisorgpl, każdy z nas jest Sebastianem K. https://t.co/bEAwTckwJu";"Thu Dec 28 07:21:49 +0000 2017";"69";"299";"1016301";""
"sikorskiradek";"Wow. Prawie jak @CNN https://t.co/maroAe17nz";"Wed Dec 27 21:02:12 +0000 2017";"10";"163";"1016301";""
"sikorskiradek";"Błaszczak: Tydzień temu w Polsce skończył się komunizm. ODPOWIEDŹ Szczepkowskiej: Ty policyjny piesku.… https://t.co/VvzkVKTU6Y";"Wed Dec 27 13:31:21 +0000 2017";"32";"237";"1016301";""
"sikorskiradek";"Czy pisowcy nie powinni aby zdecydować, czy jestem ruskim agentem czy zapobiegłem przedłużeniu umowy gazowej z Rosj… https://t.co/QtnPMZWcar";"Wed Dec 27 13:29:22 +0000 2017";"8";"53";"1016301";""
"sikorskiradek";"Za rządów PO-PSL to by była mega afera, a dziś ujdzie w tłoku. https://t.co/u33BvyiuXm";"Wed Dec 27 11:22:45 +0000 2017";"36";"167";"1016301";""
"sikorskiradek";"Najwyższy czas aby ks. Arcybiskup zrozumiał kto dyktuje katolickie credo. https://t.co/zImZQqII66";"Tue Dec 26 19:27:18 +0000 2017";"30";"189";"1016301";""
"sikorskiradek";"Kwestia smaku. https://t.co/xZ1UB0eM8y";"Tue Dec 26 19:16:43 +0000 2017";"2";"75";"1016301";""
"sikorskiradek";"Bądźmy pozytywni.  Uzdrowiciel będzie tańszy dla NFZ, podatnik skorzysta. https://t.co/STksKGn35t";"Tue Dec 26 18:23:07 +0000 2017";"35";"183";"1016301";""
"sikorskiradek";"Where Europe's Far-Right Stands At The End Of 2017.  https://t.co/SGA4umE1Bx";"Tue Dec 26 16:45:19 +0000 2017";"9";"14";"1016301";""
"sikorskiradek";"""Polska igra z ogniem"". Atlatic Council oburzony zachowaniem polskiego rządu. https://t.co/tvEFTTYpuy via @Money.pl";"Tue Dec 26 11:57:18 +0000 2017";"63";"193";"1016301";""
"sikorskiradek";"Ja też. https://t.co/A9pGoQefQq";"Sun Dec 24 07:35:56 +0000 2017";"49";"760";"1016301";""
"sikorskiradek";"Święta w d… | Loose blues https://t.co/C3k7osObUs";"Sun Dec 24 07:33:41 +0000 2017";"15";"70";"1016301";""
"sikorskiradek";"Anne Applebaum: Polska poza Unią Europejską jest ceną, jaką Kaczyński jest gotowy zapłacić za stworzenie jednoparty… https://t.co/3F2Jk1PEQJ";"Sat Dec 23 09:43:19 +0000 2017";"155";"604";"1016301";""
"sikorskiradek";"Nie rozmawiałem z Foreign Affairs. https://t.co/KZ7wXqxZN5";"Sat Dec 23 07:28:45 +0000 2017";"16";"79";"1016301";""
"sikorskiradek";"Zgaduj zgadula, kto to powiedział?  'Od Unii Lubelskiej do Unii Europejskiej.' https://t.co/CWK8QPz49O";"Fri Dec 22 21:46:26 +0000 2017";"18";"143";"1016301";""
"sikorskiradek";"Co za agresywny tłuk.  Żaden europejski premier nawet nie słyszał o gierkowskich fanaberiach PiS typu przekop Mierz… https://t.co/tL3RoxvTYk";"Fri Dec 22 20:26:16 +0000 2017";"197";"1349";"1016301";""
"sikorskiradek";"Czy to aby nie krewny osobistego adwokata @Macierewicz_A?  Niniejszym składam zawiadomienie do @PK_GOV_PL i… https://t.co/5h9RrwdvPd";"Fri Dec 22 19:53:26 +0000 2017";"43";"159";"1016301";""
"sikorskiradek";"Niech ktoś powie, że nie jesteśmy liderem Europy. https://t.co/4UlcEN6jz3";"Fri Dec 22 08:16:41 +0000 2017";"7";"68";"1016301";""
"sikorskiradek";"Może Ameryka wreszcie zrozumie Unię Europejską. https://t.co/bAoZze4Lkq";"Fri Dec 22 06:32:02 +0000 2017";"4";"27";"1016301";""
"sikorskiradek";"Zapłacimy za rządy @pisorgpl. https://t.co/2RBMwiRpwy";"Fri Dec 22 06:13:09 +0000 2017";"47";"167";"1016301";""
"sikorskiradek";"Jakie to jest głupie. https://t.co/porsfENjGu";"Thu Dec 21 19:43:51 +0000 2017";"62";"571";"1016301";""
"sikorskiradek";"Wszyscy nasi sojusznicy zwariowali, tylko Prezes nieomylny.";"Thu Dec 21 14:02:56 +0000 2017";"136";"1200";"1016301";""
"sikorskiradek";"Jeszcze nie mamy więźniów politycznych ale już jesteśmy na radarze Human Rights Watch. https://t.co/Hn8WRRq9N6";"Thu Dec 21 12:56:06 +0000 2017";"93";"277";"1016301";""
"sikorskiradek";"Carl Bildt to też antypolski lewak? https://t.co/exuABDjURq";"Thu Dec 21 07:31:13 +0000 2017";"15";"73";"1016301";""
"sikorskiradek";"Rosja i Węgry pokazują, że nieuniknionym etapem 'suwerennej demokracji' jest oligarchia. Pisowcy już przejęli kontr… https://t.co/FkkKY7xRjI";"Thu Dec 21 06:37:02 +0000 2017";"78";"270";"1016301";""
"sikorskiradek";"Wstyd na cały świat po to żeby dziadyga mógł skazywać kogo chce.";"Wed Dec 20 19:28:50 +0000 2017";"266";"1996";"1016301";""
"sikorskiradek";"Bo boję się Prezesa bardziej niż Unii.  Z dobrem narodu, na które Pan Prezydent składał ślubowanie ma to niewiele w… https://t.co/2U9ukh22IJ";"Wed Dec 20 17:22:19 +0000 2017";"35";"242";"1016301";""
"sikorskiradek";"On the Front Lines of the GOP's Civil War https://t.co/1qNHcvE6zI via @Esquire";"Wed Dec 20 16:23:24 +0000 2017";"7";"10";"1016301";""
"sikorskiradek";"Wstyd, że polski rząd próbuje definiować suwerenność jak byle satrapa, jako prawo do zamordyzmu bez ingerencji z ze… https://t.co/kFm303QkBQ";"Wed Dec 20 15:30:16 +0000 2017";"130";"699";"1016301";""
"sikorskiradek";"Znów na prowadzeniu.  https://t.co/oaKpPvtyCq";"Wed Dec 20 09:07:28 +0000 2017";"2";"14";"1016301";""
"sikorskiradek";"Ujawniamy kulisy tajnych rozmów rządu PiS z Komisją Europejską. Tematu art. 7. mogłoby nie być... https://t.co/Cyt5Wr3Tvx via @DziennikPL";"Wed Dec 20 09:01:48 +0000 2017";"51";"82";"1016301";""
"sikorskiradek";"Jako minister spraw zagranicznych RP musiałem na forum Senatu, do protokołu, upewnić Pana Senatora, że nie jestem w… https://t.co/LEQezfwOW0";"Tue Dec 19 17:50:18 +0000 2017";"9";"89";"1016301";""
"sikorskiradek";"Last place in Europe where the Warsaw Pact lives on. https://t.co/ePVtNkHR73";"Tue Dec 19 15:01:29 +0000 2017";"20";"121";"1016301";""
"sikorskiradek";"Znowu niezgodnie z linią partii i rządu. https://t.co/ADdaZiAtuS";"Mon Dec 18 17:24:28 +0000 2017";"82";"584";"1016301";""
"sikorskiradek";"Ciekawe, czy byli równie oburzeni na 'zdradzieckie mordy'? https://t.co/hGOtAhYP6X";"Mon Dec 18 10:54:56 +0000 2017";"29";"211";"1016301";""
"sikorskiradek";"Jak powiedziałem o Antku, że świr, to też było święte oburzenie, a dzisiaj raczej jest zgoda, że to było dyplomatyc… https://t.co/prtBT6p1jL";"Mon Dec 18 10:26:58 +0000 2017";"20";"176";"1016301";""
"sikorskiradek";"A pan marszałek @jbrudzinski jest chuliganem, politycznym i faktycznym, który kiblował za rozbój.  https://t.co/jpuMtdf0AW";"Mon Dec 18 09:23:43 +0000 2017";"110";"408";"1016301";""
"sikorskiradek";"Założę się, że samochód p. Szydło miał ponad stówę na liczniku.  Ale elity pisowskie nie lubią przyznać się do błęd… https://t.co/IRUXSDv43E";"Mon Dec 18 09:21:25 +0000 2017";"22";"126";"1016301";""
"sikorskiradek";"Wow.  Niemożliwe.  Zaczynają rozumieć.  A kto mu latami ochoczo pomagał? https://t.co/NnGqo3peth";"Mon Dec 18 08:59:19 +0000 2017";"17";"120";"1016301";""
"sikorskiradek";"""Życie poza polityką jest zdrowsze i weselsze.""  Całość mojego wywiadu w RadioZet. https://t.co/uEboGloXCg";"Mon Dec 18 08:57:54 +0000 2017";"42";"137";"1016301";""
"sikorskiradek";"But I thought the Brexiteer charge was that Britain was a vassal state as an EU member. If adopting the Norway solu… https://t.co/IzAEw5Qv71";"Sun Dec 17 19:12:57 +0000 2017";"10";"21";"1016301";""
"sikorskiradek";"Mój pociąg wjeżdża do Krakowa. Trochę strach oddychać. Może jednak rząd powinien był te pieniądze przeznaczyć na wa… https://t.co/xzgRSuRzCw";"Sun Dec 17 11:58:58 +0000 2017";"41";"293";"1016301";""
"sikorskiradek";"Mój pociąg wjeżdża do Krakowa. Trochę strach oddychać. https://t.co/zGWlApI7Gl";"Sun Dec 17 11:55:35 +0000 2017";"5";"47";"1016301";""
"sikorskiradek";"Powtarzam, powinno być rozszerzone na przebywających za granicą. https://t.co/QSD9kwABhs";"Sun Dec 17 10:26:41 +0000 2017";"6";"36";"1016301";""
"sikorskiradek";"Moje rodzinne miasto zdekomunizowało Oskara Langego.  Wiadomo, komuch. Ale jednocześnie, obok Kaleckiego, bodaj jed… https://t.co/7SYvddY5OG";"Sun Dec 17 10:12:12 +0000 2017";"10";"81";"1016301";""
"sikorskiradek";"Jesteś dzisiaj w Krakowie?  Zapraszam na 16tą. https://t.co/x3zjTQDY9R";"Sun Dec 17 07:51:18 +0000 2017";"14";"61";"1016301";""
"sikorskiradek";"I still fear German power less than I fear German inactivity. https://t.co/M73EWQTr4V";"Sun Dec 17 06:58:08 +0000 2017";"17";"54";"1016301";""
"sikorskiradek";"Minęła 25 miesięcznica nieodzyskania wraku, niezwołania komisji międzynarodowej i niepojmania zamachowców ze Smoleń… https://t.co/sPmVW1Pc9N";"Sat Dec 16 23:42:03 +0000 2017";"256";"1577";"1016301";""
"sikorskiradek";"Cały program Horyzont - https://t.co/ftX75cmPrG";"Sat Dec 16 23:28:51 +0000 2017";"3";"22";"1016301";""
"sikorskiradek";"Radosław Sikorski w ""Horyzoncie"" o działaniach KE wobec Polski - TVN24 https://t.co/irtMR2aLXh";"Sat Dec 16 18:41:25 +0000 2017";"5";"72";"1016301";""
"sikorskiradek";"Skoro wolno publikować nielegalnie nagrane taśmy, to czemu nie ściśle tajne dokumenty.  Hulaj dusza, piekła nie ma.… https://t.co/MAscT1ZGJy";"Sat Dec 16 16:14:34 +0000 2017";"72";"323";"1016301";""
"sikorskiradek";"Czyżby koledzy z @pisorgpl przewidywali, że łamanie Konstytucji nie ujdzie im na sucho? https://t.co/es8BlxLjNj";"Sat Dec 16 14:17:31 +0000 2017";"59";"392";"1016301";""
"sikorskiradek";"Dziś wieczorem. https://t.co/o3V45Sm9YC";"Sat Dec 16 13:51:11 +0000 2017";"9";"38";"1016301";""
"sikorskiradek";"Zapraszam na spotkanie jutro w Krakowie. https://t.co/lwdSQE5574";"Sat Dec 16 13:48:28 +0000 2017";"5";"36";"1016301";""
"sikorskiradek";"A ja liczyłem, że premier Morawiecki będzie wspierał zagraniczne inwestycje w Polsce. https://t.co/Z6XrlIsUy0";"Sat Dec 16 11:19:26 +0000 2017";"3";"21";"1016301";""
"sikorskiradek";"The EU in action. Good. https://t.co/VJrQaFjnDK";"Sat Dec 16 07:57:37 +0000 2017";"2";"19";"1016301";""
"sikorskiradek";"Już nawet Rosjanie piszą o putynizacji Polski. https://t.co/gg7QPZdOYI";"Sat Dec 16 07:44:39 +0000 2017";"41";"124";"1016301";""
"sikorskiradek";"We experienced it during the accession process. 'Negotiations' is a polite word for a humiliating reality. https://t.co/14ZjcteqQh";"Sat Dec 16 07:39:01 +0000 2017";"18";"34";"1016301";""
"sikorskiradek";"I żeby chociaż ze straty reputacji wynikła jakaś korzyść... https://t.co/JNwfBMuJOj";"Sat Dec 16 07:27:43 +0000 2017";"5";"38";"1016301";""
"sikorskiradek";"Przez 14 lat w rządzie, w tym 8 w radach ministrów pod pięcioma premierami, nie zdarzyło mi się abym musiał opuścić… https://t.co/MzwwuuwPqH";"Fri Dec 15 14:20:28 +0000 2017";"162";"896";"1016301";""
"sikorskiradek";"Materiał na świetny film ale, jak Azyl, zapewne prędzej zrobią go cudzoziemcy. https://t.co/dmb7x9QKZM";"Fri Dec 15 13:21:06 +0000 2017";"2";"16";"1016301";""
"sikorskiradek";"Ja też nie.  Powinniśmy wręcz wprowadzić głosowanie korespondencyjne dla wszystkich obywateli przebywających za gra… https://t.co/0xwePSZCIp";"Fri Dec 15 10:45:32 +0000 2017";"11";"114";"1016301";""
"sikorskiradek";"I to jest święta prawda. Ostrzegałem. https://t.co/xiQ1qBTgmy";"Fri Dec 15 08:11:39 +0000 2017";"89";"590";"1016301";""
"sikorskiradek";"Waszczykowski jest kiepskim ministrem, ale jak można tak sabotować jego wizytę u naszego najważniejszego sojusznika? https://t.co/oItHQqKiOf";"Fri Dec 15 08:09:58 +0000 2017";"5";"44";"1016301";""
"sikorskiradek";"Prawdziwe amerykańskie lewactwo oskarża @anneapplebaum o odchylenie prawicowo-nacjonalistyczne. https://t.co/qQvqyqNcLu";"Fri Dec 15 05:46:28 +0000 2017";"3";"30";"1016301";""
"sikorskiradek";"Intrygujący jest grzech 'seks pozamałżeński z osobami tej samej płci.' https://t.co/wExP2sKzAX";"Thu Dec 14 17:48:13 +0000 2017";"4";"60";"1016301";""
"sikorskiradek";"It's not often these days that one has to agree with @KremlinRussia_E ... https://t.co/R8pD4VM6sc";"Thu Dec 14 12:06:03 +0000 2017";"8";"56";"1016301";""
"sikorskiradek";"Chcielibyście, judeosceptycy do raju, co? https://t.co/OkWyVgx2VD";"Thu Dec 14 10:26:58 +0000 2017";"11";"79";"1016301";""
"sikorskiradek";"Nikogo już nie razi, że ci łajdacy publikują dane z poufnych teczek osobowych. https://t.co/KXorSZBRUc";"Thu Dec 14 10:02:32 +0000 2017";"18";"65";"1016301";""
"sikorskiradek";"I to jest niestety prawdziwy obraz polskiej administracji.  Ponadpartyjny.  Nacjonalistyczne pohukiwanie nic nie po… https://t.co/DQO9SUYIKg";"Thu Dec 14 09:59:56 +0000 2017";"2";"23";"1016301";""
"sikorskiradek";"Enemies of the people.  For defending Parliament's right to decide about the most important issue of the decade. https://t.co/uzNoD7tv1Y";"Thu Dec 14 09:13:51 +0000 2017";"6";"18";"1016301";""
"sikorskiradek";"The Washington Examiner?  Pierwsze słyszę, że takie pisemko istnieje.   Morawieckiego stać by było na Washington Po… https://t.co/1ofnIUkKMd";"Thu Dec 14 09:11:51 +0000 2017";"33";"165";"1016301";""
"sikorskiradek";"Powtarzam, zmieniajmy na ul. Braci Kaczyńskich. Czy radni PiS zagłosują przeciw? https://t.co/CLCxgShC2B";"Thu Dec 14 06:56:22 +0000 2017";"11";"109";"1016301";""
"sikorskiradek";"Wszystko już było. Historycy radzieccy, będąc marksistami, mieli pewność co do przyszłości. Natomiast kłopoty spraw… https://t.co/TiaI4ePiOw";"Wed Dec 13 19:51:42 +0000 2017";"33";"276";"1016301";""
"sikorskiradek";"Rzeczpospolita: oświadczenie byłych szefów MSZ: Ta ustawa będzie na czarnych kartach historii Sejmu. https://t.co/nZItbnj6SU";"Wed Dec 13 16:47:28 +0000 2017";"25";"108";"1016301";""
"sikorskiradek";"Ośmiorniczki chyba wyszłyby taniej niż 120 tys. zł. Grube Ryby u o. Rydzyka. 12 https://t.co/PbmLLXOydU via @sharethis";"Wed Dec 13 16:24:13 +0000 2017";"57";"183";"1016301";""
"sikorskiradek";"Bez przesady.  Prezydent Lech Kaczyński rzetelnie pracował na rzecz pojednania polsko-ukraińskiego.  Po targach, ra… https://t.co/AXgxFCYJd9";"Wed Dec 13 10:30:31 +0000 2017";"21";"168";"1016301";""
"sikorskiradek";"Stanowisko sześciu byłych ministrów spraw zagranicznych w sprawie czystki w polskiej służbie dyplomatycznej. https://t.co/QqxixBSzCa";"Wed Dec 13 10:03:26 +0000 2017";"77";"246";"1016301";""
"sikorskiradek";"Wow.  Czyżby na prawicę wracało poczucie humoru? https://t.co/UCrtNbZ8fn";"Wed Dec 13 08:15:43 +0000 2017";"24";"148";"1016301";""
"sikorskiradek";"Departament Stanu USA: wolne i niezależne media są filarem demokracji https://t.co/axnjPq61uD";"Wed Dec 13 07:53:46 +0000 2017";"36";"117";"1016301";""
"sikorskiradek";"Sikorski ostro o operacji 'Rekonstrukcja': Kaczyński w dwa dni upokorzył dwóch premierów i prezydenta. https://t.co/gg8gIMuliF";"Wed Dec 13 07:48:32 +0000 2017";"42";"143";"1016301";""
"sikorskiradek";"Niestety, prezydent Duda nie posłuchał dobrej rady. https://t.co/zReOq3SMhr";"Tue Dec 12 20:51:18 +0000 2017";"21";"134";"1016301";""
"sikorskiradek";"Prorokowałem, że niestety pan minister Piotr Naimski będzie musiał blokować tę inwestycję własną piersią. https://t.co/7Qsl7dCOPo";"Tue Dec 12 17:23:04 +0000 2017";"0";"38";"1016301";""
"sikorskiradek";"Z wynikiem 1:27. https://t.co/SkMeAmBjzB";"Tue Dec 12 16:14:54 +0000 2017";"15";"133";"1016301";""
"sikorskiradek";"Niezbyt dyplomatyczne publiczne upokarzanie urzędującego ministra. https://t.co/rJwePf6CoB";"Tue Dec 12 15:04:14 +0000 2017";"19";"97";"1016301";""
"sikorskiradek";"Ułaskawienie aferzysty byłoby logiczne. W końcu ma zasługi dla @pisorgpl https://t.co/QnZzv3kSmm";"Tue Dec 12 10:49:47 +0000 2017";"15";"135";"1016301";""
"sikorskiradek";"Ci, którzy zlecili, ci którzy publikowali i ci, którzy nadal dysponują zasobem - ciągle bezkarni. Biznesmen Marek… https://t.co/ScqHj9DtYb";"Tue Dec 12 10:43:48 +0000 2017";"40";"180";"1016301";""
"sikorskiradek";"Wstępniak w @WashingtonPost.  Duża rzecz.  Opinion | Poland’s autocratic counterrevolution draws nearer. https://t.co/qw68tmGKKr";"Tue Dec 12 09:46:33 +0000 2017";"96";"173";"1016301";""
"sikorskiradek";"Zapraszam na spotkanie w niedzielę w Krakowie. https://t.co/05zJQJjCF1";"Tue Dec 12 07:41:26 +0000 2017";"13";"72";"1016301";""
"sikorskiradek";"Rządy ciemniaków 2.0 https://t.co/kxxtuglKqx";"Tue Dec 12 07:29:35 +0000 2017";"16";"123";"1016301";""
"sikorskiradek";"To ja już wolę mój oksfordzki licencjat. https://t.co/UbesEtvPaN";"Tue Dec 12 07:13:13 +0000 2017";"8";"76";"1016301";""
"sikorskiradek";"Nobli nie będzie. https://t.co/UbesEtvPaN";"Tue Dec 12 06:25:22 +0000 2017";"3";"25";"1016301";""
"sikorskiradek";"Ciekaw jestem opinii Pana Premiera @Jaroslaw_Gowin czy przyznanie doktoratu na taki temat poszerza wiedzę ludzkości… https://t.co/cfRbed4UIO";"Tue Dec 12 06:10:14 +0000 2017";"44";"260";"1016301";""
"sikorskiradek";"Potrzeba będzie kolejnych dotacji na Redutę Dobrego Imienia. https://t.co/hzbn5iVgnM";"Tue Dec 12 05:48:20 +0000 2017";"5";"53";"1016301";""
"sikorskiradek";"Stan polskiej nauki. https://t.co/RdjFHleKnf";"Tue Dec 12 05:40:49 +0000 2017";"4";"41";"1016301";""
"sikorskiradek";"Chcesz wiedzieć co jest grane w polskich mediach i polityce? Prenumeruj: https://t.co/JViRnH1tZP";"Mon Dec 11 19:56:59 +0000 2017";"22";"248";"1016301";""
"sikorskiradek";"Miało być nowe średniowiecze, to jest. https://t.co/dJPu11ZppM";"Mon Dec 11 19:28:44 +0000 2017";"78";"303";"1016301";""
"sikorskiradek";"Yeah, sure; they will abolish their business model... https://t.co/g9ZIIjCYUv";"Mon Dec 11 19:09:57 +0000 2017";"8";"49";"1016301";""
"sikorskiradek";"Prezydent powołał Macierewicza, ale się nie cieszył.  Niezłomny.";"Mon Dec 11 19:07:51 +0000 2017";"161";"1448";"1016301";""
"sikorskiradek";"Charlemagne: Germany is not about to reinvigorate the EU https://t.co/YsPuKSWoKb via @TheEconomist";"Mon Dec 11 19:04:08 +0000 2017";"0";"5";"1016301";""
"sikorskiradek";"Pokazać jednocześnie premierowi i prezydentowi, że są nikim, nie każdy by potrafił.  Jak go znam, to Prezes dzisiaj w skowronkach.";"Mon Dec 11 17:46:29 +0000 2017";"65";"610";"1016301";""
"sikorskiradek";"Sukcesy należy doceniać. https://t.co/chv49NflZq";"Mon Dec 11 17:32:05 +0000 2017";"12";"153";"1016301";""
"sikorskiradek";"Teraz już nie tylko Prezes Kaczyński ale i Prezydent Duda wziął pełną odpowiedzialność za to, co wyrabia Macierewic… https://t.co/DIO5Z8CZn0";"Mon Dec 11 17:19:44 +0000 2017";"10";"98";"1016301";""
"sikorskiradek";"Bajki o tym jak to mocny prezydent nie powoła gościa bez certyfikatu bezpieczeństwa na ministra obrony narodowej wł… https://t.co/oGXH0CFK0b";"Mon Dec 11 17:18:34 +0000 2017";"48";"291";"1016301";""
"sikorskiradek";"Prezes nie pozwolił PMM od początku ustanowić swojego autorytetu.";"Mon Dec 11 17:16:26 +0000 2017";"12";"117";"1016301";""
"sikorskiradek";"Stawiam tezę, że dopiero gdy dobra zmiana dotknie samych dziennikarzy zrozumieją, że rząd, który dał się nagrać, to… https://t.co/nz3oEmUpB3";"Mon Dec 11 14:43:07 +0000 2017";"62";"377";"1016301";""
"sikorskiradek";"Czyżby obydwaj moi ulubieńcy mieli zostać zrekonstruowani?";"Mon Dec 11 13:17:28 +0000 2017";"5";"89";"1016301";""
"sikorskiradek";"Morawieckim w Tuska i Dudę? | Loose blues https://t.co/2Ncmki9cVp";"Mon Dec 11 13:13:49 +0000 2017";"5";"30";"1016301";""
"sikorskiradek";"Zaczynam się martwić, że p.minister Waszczykowski może nie zdążyć z pokazaniem Prezesowi dowodów na mój udział w za… https://t.co/yk1EaueQUN";"Mon Dec 11 12:28:10 +0000 2017";"25";"266";"1016301";""
"sikorskiradek";"Może się czepiam ale czy media nie powinny prześwietlić jadłospisu p. premiera Morawieckiego podczas nagranej rozmo… https://t.co/rg1M282kiA";"Mon Dec 11 11:21:22 +0000 2017";"45";"554";"1016301";""
"sikorskiradek";"Ważny rozdział o rosyjskich i chińskich operacjach w Polsce.  Important chapter on Russian and Chinese operations i… https://t.co/wShh1CSCbL";"Mon Dec 11 09:44:41 +0000 2017";"8";"22";"1016301";""
"sikorskiradek";"Niektóre słowa okazują się prorocze.  Niestety.  Some words turn out to be prophetic.  Unfortunately. https://t.co/cah4kUX867";"Mon Dec 11 08:25:52 +0000 2017";"6";"23";"1016301";""
"sikorskiradek";"Dla pana ministra obrony narodowej, @Macierewicz_A, dzień bez kłamstwa jest dniem straconym. https://t.co/dXiUFL0maq";"Mon Dec 11 08:22:49 +0000 2017";"12";"122";"1016301";""
"sikorskiradek";"Mamy już pierwszy sukces nowego rządu w rechrystianizowaniu Europy.  W jednej z najstarszych kaplic Anglii, w tym r… https://t.co/oETZskXREr";"Mon Dec 11 07:43:56 +0000 2017";"16";"94";"1016301";""
"sikorskiradek";"Nie rozmawiałem ostatnio z New York Times. https://t.co/l69vrz9HaB";"Sun Dec 10 21:22:22 +0000 2017";"26";"198";"1016301";""
"sikorskiradek";"Żeby potem znowu nikt nie mówił, że nie wiedział. https://t.co/NjAYRDDIsH";"Sun Dec 10 21:18:36 +0000 2017";"22";"90";"1016301";""
"sikorskiradek";"""Radosław Sikorski w formie.""https://t.co/Uu94aOe4S5";"Sun Dec 10 21:16:13 +0000 2017";"27";"238";"1016301";""
"sikorskiradek";"Zapraszam w przyszłą niedzielę. https://t.co/HKDkqE8JBi";"Sun Dec 10 18:41:12 +0000 2017";"23";"181";"1016301";""
"sikorskiradek";"Ale przynajmniej nie wcinał ośmiorniczek. https://t.co/g06MXdLVUR";"Sat Dec 09 20:17:59 +0000 2017";"60";"492";"1016301";""
"sikorskiradek";"Wyprzedzili nas Macedończycy, Bułgarzy i Czesi. https://t.co/nrOcdtQ5nm via @sharethis";"Sat Dec 09 14:30:12 +0000 2017";"2";"21";"1016301";""
"sikorskiradek";"No więc ja uważam - właśnie dlatego - że żałosny babsztyl. https://t.co/1E4xAea25Q";"Fri Dec 08 15:34:50 +0000 2017";"24";"323";"1016301";""
"sikorskiradek";"I read this as meaning: UK can propose technical solutions for avoiding a hard border but, if they are not realisti… https://t.co/5ZqRiBYpvj";"Fri Dec 08 08:15:07 +0000 2017";"29";"39";"1016301";""
"sikorskiradek";"""Ministerstwo Obrony Narodowej szkoli i wspiera członków Falangi.""  A teraz jeszcze da im karabiny maszynowe.  https://t.co/kaIVPvrk5q";"Thu Dec 07 21:30:53 +0000 2017";"101";"140";"1016301";""
"sikorskiradek";"Cieszy, że koledzy z @pisorgpl rozumieją, że podsłuchana rozmowa nie przeszkadza zostać premierem RP.  ""Będziemy za… https://t.co/x3uS5y8sKm";"Thu Dec 07 21:21:49 +0000 2017";"331";"1633";"1016301";""
"sikorskiradek";"Ciekawe, czy teraz się okaże, że @BeataSzydlo jechała przez Oświęcim powyżej 50 km/h a młody człowiek, już osądzony… https://t.co/CVmhxjSdQH";"Thu Dec 07 21:10:15 +0000 2017";"35";"385";"1016301";""
"sikorskiradek";"Aby uniknąć oskarżenia o seksizm niniejszym oświadczam, że Prezes to wredny dziadyga.";"Thu Dec 07 18:24:16 +0000 2017";"136";"1247";"1016301";""
"sikorskiradek";"I jeszcze jedno.  Zwyciężczyni 1:27 z Brukseli insynuuje, że poprzednio Polska była 'poniżana i wykorzystywana na a… https://t.co/me51VMDHrA";"Thu Dec 07 18:12:49 +0000 2017";"156";"1169";"1016301";""
"sikorskiradek";"Dla jasności, @MON_GOV_PL jeszcze nie zawarło porozumienia z ONR, ale nic nie stoi na przeszkodzie i wtedy, dzięki… https://t.co/4mKn26MWKQ";"Thu Dec 07 16:47:13 +0000 2017";"33";"120";"1016301";""
"sikorskiradek";"A tymczasem po cichu przepychana jest ustawa, która umożliwi stowarzyszeniom, które zawarły porozumienie z MON, czy… https://t.co/GfbkNTWSLb";"Thu Dec 07 16:33:48 +0000 2017";"326";"468";"1016301";""
"sikorskiradek";"A takim językiem polemizuje psychoprawica. https://t.co/qfvnASC553";"Thu Dec 07 16:09:34 +0000 2017";"32";"199";"1016301";""
"sikorskiradek";"Za całą pisowską hucpę ostatnich dwóch lat odpowiedzialność polityczną i karną ponosi pani Beata Szydło.  Żyrowała… https://t.co/poJ4KodOem";"Thu Dec 07 15:25:24 +0000 2017";"85";"686";"1016301";""
"sikorskiradek";"I oni się zabierali do wyjaśnienia nieporównanie bardziej złożonego wypadku lotniczego. https://t.co/wnUvx6FbFY";"Thu Dec 07 14:16:19 +0000 2017";"30";"229";"1016301";""
"sikorskiradek";"Wredny babsztyl śmie grozić 'aferami,' w których nie postawiono nawet zarzutów, o wyrokach nie wspominając.  Lepiej… https://t.co/qsZKKLgSJC";"Thu Dec 07 12:26:53 +0000 2017";"542";"3153";"1016301";""
"sikorskiradek";"Kolegom psychoprawicowcom, którzy zmyślali wczoraj w @PolskieRadio24 przypominam, że mówiłem iż w naszym interesie… https://t.co/AAQMJrffyJ";"Thu Dec 07 11:58:19 +0000 2017";"22";"204";"1016301";""
"sikorskiradek";"A propos, jako ówczesny minister Spraw Zagranicznych przypominam, że działania na rzecz osłony ewentualnego wycofan… https://t.co/uPjbta0QXg";"Thu Dec 07 09:36:02 +0000 2017";"64";"331";"1016301";""
"sikorskiradek";"A mnie nowojorscy rabini i grupa Bilderberg powiedzieli, że premierem powinien zostać Prezes Kaczyński. https://t.co/fjtmWqord1";"Tue Dec 05 21:58:49 +0000 2017";"10";"81";"1016301";""
"sikorskiradek";"Narodowa Demokracja była nacjonalistyczna, ale raczej demokratyczna, pro-rynkowa i realistyczna w polityce zagranic… https://t.co/CFet1jeAWO";"Tue Dec 05 21:48:01 +0000 2017";"54";"312";"1016301";""
"sikorskiradek";"Co do wazeliniarstwa @TVPiS, zgoda, ale przyznam, że taka interpretacja rządowego przetasowania nie przyszła mi do… https://t.co/eDvOg7QTfG";"Tue Dec 05 21:21:41 +0000 2017";"1";"30";"1016301";""
"sikorskiradek";"Ho, ho, ho, kosmopolityzm! Brzmi znajomo. https://t.co/lpyamimkBh";"Tue Dec 05 20:24:29 +0000 2017";"14";"93";"1016301";""
"sikorskiradek";"Pan minister Obrony Narodowej @Macierewicz_A raczy być notorycznym kłamcą i konfabulantem.  Zapraszam do wytoczenia… https://t.co/TbZxGrs4JS";"Tue Dec 05 16:04:05 +0000 2017";"51";"272";"1016301";""
"sikorskiradek";"""Ministrowie spraw zagranicznych Niemiec i Polski wspólnie pojechali do Kijowa, wspólnie rozmawiali z ludźmi z Majd… https://t.co/h97DpDbLPB";"Tue Dec 05 15:48:47 +0000 2017";"6";"44";"1016301";""
"sikorskiradek";"I told you, in 2012, that the Brexit referendum was a bad idea. https://t.co/yDNf1cWtHA";"Mon Dec 04 17:58:52 +0000 2017";"3";"47";"1016301";""
"sikorskiradek";"Or the Irish cave, which seems less likely. https://t.co/iDewHJLmP3";"Mon Dec 04 17:31:53 +0000 2017";"1";"4";"1016301";""
"sikorskiradek";"I told you so. https://t.co/o9FBVTmSKi";"Mon Dec 04 17:01:09 +0000 2017";"1";"11";"1016301";""
"sikorskiradek";"To ta sama organizacja 'Britain First' pracująca dla Putina, popierania przez prezydenta Trumpa. https://t.co/AkQAwVD3Kn";"Mon Dec 04 15:55:51 +0000 2017";"9";"39";"1016301";""
"sikorskiradek";"So, regulatory border on the Irish Sea. Sensible, but I would not call this an enhancement of British sovereignty.";"Mon Dec 04 13:42:37 +0000 2017";"16";"71";"1016301";""
"sikorskiradek";"Polskie łupki wykończyli nacjonaliści surowcowi.  Chytry dwa razy traci. https://t.co/loKsjVPNPv";"Mon Dec 04 13:07:51 +0000 2017";"6";"22";"1016301";""
"sikorskiradek";"I wonder if the DUP will swallow this. https://t.co/HvgbLIhvuC";"Mon Dec 04 13:03:04 +0000 2017";"2";"5";"1016301";""
"sikorskiradek";"Coraz gorzej. https://t.co/zGWlApI7Gl";"Mon Dec 04 12:38:08 +0000 2017";"6";"17";"1016301";""
"sikorskiradek";"'Getting back control.' https://t.co/HvgbLIhvuC";"Mon Dec 04 12:30:08 +0000 2017";"3";"16";"1016301";""
"sikorskiradek";"W Wielkiej Brytanii plemienna prawica też pracuje dla Putina. https://t.co/iGa5BoKTwV";"Mon Dec 04 09:23:47 +0000 2017";"12";"57";"1016301";""
"sikorskiradek";"Władza służy elitom @pisorgpl. https://t.co/tMxAqFBFF2";"Sun Dec 03 17:58:39 +0000 2017";"57";"276";"1016301";""
"sikorskiradek";"Moja też przestała chodzić. https://t.co/u8LVfMhYTR";"Sun Dec 03 14:06:11 +0000 2017";"35";"421";"1016301";""
"sikorskiradek";"I hope the US won't play from Putin's score. https://t.co/A0kBb5btny";"Sun Dec 03 09:44:26 +0000 2017";"9";"15";"1016301";""
"sikorskiradek";"""Żyć pod takimi ludźmi jest strasznie niebezpieczne"" - Kropka nad i https://t.co/tHQBUIZb2l";"Sat Dec 02 23:43:24 +0000 2017";"31";"151";"1016301";""
"sikorskiradek";"Przetłumaczcie to sobie, bigoci, jeśli potraficie. https://t.co/a3CMm9Vk5F";"Sat Dec 02 19:23:27 +0000 2017";"59";"316";"1016301";""
"sikorskiradek";"95% katolickich mediów? Ambitnie. https://t.co/X5FP7QlXj4";"Sat Dec 02 19:06:10 +0000 2017";"11";"94";"1016301";""
"sikorskiradek";"Za komuny w moim liceum był taki wodzirej, który w czerwonym krawacie przewodził akademiom na cześć i ku chwale. Do… https://t.co/Q2sfspJfcr";"Sat Dec 02 18:53:07 +0000 2017";"6";"93";"1016301";""
"sikorskiradek";"A ja myślałem, że katolicki znaczy powszechny. https://t.co/5ZRO7980U1";"Sat Dec 02 18:08:29 +0000 2017";"3";"44";"1016301";""
"sikorskiradek";"On BBC World Service's Newshour Extra: Brexit's First Big Test https://t.co/JmHaTxSPwk";"Sat Dec 02 17:39:43 +0000 2017";"6";"10";"1016301";""
"sikorskiradek";"Will the Irish border issue trip up Brexit?https://t.co/tepY6RaKks";"Sat Dec 02 16:30:53 +0000 2017";"8";"25";"1016301";""
"sikorskiradek";"Prowadzimy w Europie. https://t.co/zGWlApI7Gl";"Sat Dec 02 13:05:33 +0000 2017";"2";"31";"1016301";""
"sikorskiradek";"Adam Zamoyski o relacjach Piłsudskiego z Paderewskim - Plus Minus - rp.pl https://t.co/HTRWUlzacK";"Sat Dec 02 11:15:39 +0000 2017";"9";"13";"1016301";""
"sikorskiradek";"I would not call this an enhancement of British sovereignty. https://t.co/mGLdum8b11";"Fri Dec 01 18:25:20 +0000 2017";"15";"41";"1016301";""
"sikorskiradek";"Nareszcie będziemy promować patriotyczną sztukę. https://t.co/tlPYRkC7gg";"Fri Dec 01 15:58:30 +0000 2017";"8";"57";"1016301";""
"sikorskiradek";"Wielkie utrudnienie także dla przebywających za granicą. https://t.co/afE8UaoFL4";"Fri Dec 01 12:57:37 +0000 2017";"26";"170";"1016301";""
"sikorskiradek";"Schyłkowa komuna podróżowała ku demokracji, a @pisorgpl prze od demokracji. https://t.co/KuCJ1eb03g";"Fri Dec 01 03:40:28 +0000 2017";"11";"169";"1016301";""
"sikorskiradek";"Czy nie można po prostu zapisać, że muszą mieć legitymację @pisorgpl? https://t.co/FrKcQH2Zjs";"Fri Dec 01 01:16:26 +0000 2017";"15";"139";"1016301";""
"sikorskiradek";"Przecież dowód na wybuchy jest -  ścieżka dźwiękowa filmu 'Smoleńsk.' https://t.co/Q59jcBEifi";"Thu Nov 30 12:50:49 +0000 2017";"33";"243";"1016301";""
"sikorskiradek";"Co prawda do wojny z Niemcami poprowadził Brytyjczyków Neville Chamberlain, nie Churchill, ale i tak ciekawy tekst. https://t.co/fIKFJHIzQv";"Thu Nov 30 11:55:31 +0000 2017";"3";"17";"1016301";""
"sikorskiradek";"Minister Obrony Narodowej nie może po prostu bezczelnie łgać, prawda? https://t.co/EjxMLBDqjf";"Thu Nov 30 01:38:16 +0000 2017";"52";"298";"1016301";""
"sikorskiradek";"Logika eurofobów: w imię wolnego handlu, Wielka Brytania zapłaci €50mld za przywilej wyjścia z największej strefy w… https://t.co/TSgafWjZ34";"Wed Nov 29 13:41:42 +0000 2017";"210";"1091";"1016301";""
"sikorskiradek";"Przez które straciliśmy autonomię, Sejm, polskie wojsko i szkolnictwo. https://t.co/VqZIfwS43x";"Wed Nov 29 13:01:29 +0000 2017";"12";"78";"1016301";""
"sikorskiradek";"Za brexitem zagłosowały ksenofobia i narcyzm. https://t.co/3fUPMeiPP5";"Wed Nov 29 11:31:22 +0000 2017";"15";"88";"1016301";""
"sikorskiradek";"Nic nie zbadali.  Potrafili tylko łgać i zniesławiać. https://t.co/Pj9oKu8jlU";"Wed Nov 29 10:04:52 +0000 2017";"32";"210";"1016301";""
"sikorskiradek";"For a change, on the Middle East. https://t.co/v2N7Nnbjkf";"Wed Nov 29 08:28:07 +0000 2017";"0";"1";"1016301";""
"sikorskiradek";"On this episode of The E.R., editor-in-chief Jonathan Tepperman and panel discuss what's next for the Middle East. https://t.co/JzAmSzkMCi";"Tue Nov 28 17:44:17 +0000 2017";"1";"2";"1016301";""
"sikorskiradek";"Niezmienny. Szkło kontaktowe https://t.co/7PAjnmK2kB";"Tue Nov 28 17:30:13 +0000 2017";"0";"7";"1016301";""
"sikorskiradek";"Niemożliwe.  Przecież Prezydent Trump kocha Polskę i Polaków.  Inaczej nie mówiłby z głowy tak pięknie o Powstaniu… https://t.co/iSNOCwXZ1i";"Tue Nov 28 16:52:47 +0000 2017";"44";"230";"1016301";""
"sikorskiradek";"Czy wobec tego nie należą nam się reparacje od Rosji, USA i UK? https://t.co/kDSc9eBFjo";"Tue Nov 28 16:31:10 +0000 2017";"6";"71";"1016301";""
"sikorskiradek";"Eurofobia kosztuje. https://t.co/74xNuzoTqu via @Money.pl";"Tue Nov 28 15:59:04 +0000 2017";"10";"39";"1016301";""
"sikorskiradek";"Zanim uwierzysz w propagandę sukcesu, warto przeczytać raport ekspertów FOR: ""Perspektywy dla Polski. Polska Gospod… https://t.co/k21z0L22q6";"Tue Nov 28 10:43:59 +0000 2017";"33";"108";"1016301";""
"sikorskiradek";"My appreciation of Leszek Kołakowski in ""The Russian Revolution, 100 Years On: Its Enduring Allure and Menace."" https://t.co/1qY48mal1b";"Tue Nov 28 10:21:00 +0000 2017";"4";"16";"1016301";""
"sikorskiradek";"Całość wywiadu w ""Faktach po Faktach"" https://t.co/zReOq3SMhr";"Mon Nov 27 23:40:19 +0000 2017";"40";"254";"1016301";""
"sikorskiradek";"Dan, I talked about it with Commission legal services. It's impossible. It won't happen. https://t.co/CRdQpugJtb";"Mon Nov 27 18:41:01 +0000 2017";"10";"26";"1016301";""
"sikorskiradek";"Co fakt, to fakt. https://t.co/yQj4yEz4JX";"Mon Nov 27 18:20:43 +0000 2017";"9";"85";"1016301";""
"sikorskiradek";"Członkiem brytyjskiej rodziny królewskiej zostanie osoba, która dla naszych obrońców białej rasy jest 'ciapata.' https://t.co/0nb6sJNtXd";"Mon Nov 27 16:56:03 +0000 2017";"45";"346";"1016301";""
"sikorskiradek";"Zapraszam na dzisiejsze spotkanie z mecenasem @GiertychRoman Przyjdź, przeczytaj, póki jeszcze wolno. https://t.co/iLLZsE03BI";"Mon Nov 27 11:38:53 +0000 2017";"31";"158";"1016301";""
"sikorskiradek";"I jeszcze jedno. Kontrwywiad odebrał Macierewiczowi certyfikat bezpieczeństwa za ujawnianie polskiej agentury, na c… https://t.co/ZHpc0GwxPQ";"Mon Nov 27 10:13:02 +0000 2017";"453";"1800";"1016301";""
"sikorskiradek";"Przecież Pani Premier powiedziała, że w Polsce nie ma antysemityzmu. https://t.co/3ogz96KdU8";"Sun Nov 26 21:46:36 +0000 2017";"65";"229";"1016301";""
"sikorskiradek";"Nie rozmawiałem z la Repubblica.  Opozycja znowu winna obciachu za granicą? https://t.co/LhD36fU02C";"Sun Nov 26 20:41:34 +0000 2017";"18";"80";"1016301";""
"sikorskiradek";"Radny PiS ma marzenie. https://t.co/twt28lhmAC";"Sun Nov 26 20:03:07 +0000 2017";"50";"189";"1016301";""
"sikorskiradek";"Eurofobia - Brexit + łamanie praworządności przez @pisorgpl - może nas kosztować 30% funduszy spójności, czyli pona… https://t.co/4mlKEMUXdd";"Sun Nov 26 17:29:56 +0000 2017";"73";"206";"1016301";""
"sikorskiradek";"Prezydent skarży się publicznie na ministra obrony, którego sam mianował mimo, że ten miał prawomocnie odebrany cer… https://t.co/WLakzf2Rw4";"Sun Nov 26 10:22:30 +0000 2017";"227";"1421";"1016301";""
"sikorskiradek";"Dziennikarstwo psychoprawicy. https://t.co/DSAMYdXBEz";"Sun Nov 26 10:00:01 +0000 2017";"21";"211";"1016301";""
"sikorskiradek";"To prowokacja. Czyż podobnych pomysłów Ruscy nie podrzucili na konto FB Pani Konsul Biniendy? https://t.co/iyBDzNUMTT";"Sun Nov 26 09:13:19 +0000 2017";"11";"64";"1016301";""
"sikorskiradek";"Zaraz zostaną konsulami albo ambasadorami. https://t.co/ZGvjqv1Wsz";"Sun Nov 26 08:19:06 +0000 2017";"1";"27";"1016301";""
"sikorskiradek";"Typowa pisowska szumowina. https://t.co/tghv3iz1fh";"Sat Nov 25 21:17:17 +0000 2017";"37";"173";"1016301";""
"sikorskiradek";"Wow. Czyżby psychoprawica zaczynała rozumieć, że niszczenie naszego wizerunku międzynarodowego podważa nasze bezpie… https://t.co/zTwE5HFMfc";"Sat Nov 25 21:02:00 +0000 2017";"20";"103";"1016301";""
"sikorskiradek";"Putin wspiera eurofobów. Nie tylko w Wielkiej Brytanii. https://t.co/T5FaUvwZEO";"Sat Nov 25 13:21:40 +0000 2017";"18";"64";"1016301";""
"sikorskiradek";"Międzymorze w akcji. https://t.co/auDnN5vfrl";"Sat Nov 25 08:56:15 +0000 2017";"5";"63";"1016301";""
"sikorskiradek";"Świr, partacz i kłamca. https://t.co/lR0f17JI06";"Sat Nov 25 08:34:49 +0000 2017";"72";"363";"1016301";""
"sikorskiradek";"I didn't know evil Brussels hated puppies. https://t.co/lorNG7KHy3";"Sat Nov 25 08:18:48 +0000 2017";"63";"203";"1016301";""
"sikorskiradek";"Marek Falenta, bohater PiS z afery podsłuchowej, znowu oskarżony - TVN24 https://t.co/fTwkAEbEB1";"Fri Nov 24 12:16:26 +0000 2017";"12";"49";"1016301";""
"sikorskiradek";"Uwierzę, jeśli ekskomunikuje Kaczyńskiego. https://t.co/qAIUWrxSjJ";"Fri Nov 24 11:54:00 +0000 2017";"8";"51";"1016301";""
"sikorskiradek";"Gratuluję i dziękuję Panie Mecenasie @GiertychRoman.  6 lat wspólnej walki o ucywilizowanie polskiego internetu i p… https://t.co/mEVdkMaOkC";"Fri Nov 24 11:27:54 +0000 2017";"93";"530";"1016301";""
"sikorskiradek";"Ciekawe, że boty, które atakują moje konto atakują też polityków ukraińskich i amerykańskich.  @Twitter powinien da… https://t.co/GsSUhWsygT";"Thu Nov 23 07:56:16 +0000 2017";"33";"165";"1016301";""
"sikorskiradek";"W związku z przekroczeniem miliona śledzących, ogłaszam amnestię generalną dla zbanowanych. :) Wystarczy przesłać n… https://t.co/GEYcmMuKay";"Wed Nov 22 17:56:38 +0000 2017";"89";"931";"1016301";""
"sikorskiradek";"1M.  Thank you. Dziękuję.";"Wed Nov 22 17:53:11 +0000 2017";"22";"499";"1016301";""
"sikorskiradek";"To ja już sam nie wiem; chwalimy się Partnerstwem Wschodnim, jak @MSZ_RP, czy cieszymy z jego upadku, jak @tvp_info? https://t.co/sNN9MIzvWV";"Wed Nov 22 16:04:07 +0000 2017";"6";"42";"1016301";""
