"RobertBiedron";"ğŸ‘ğŸ‘ğŸ‘ https://t.co/a2aiW1MMF0";"Fri Jan 19 12:52:06 +0000 2018";"8";"48";"118967";""
"RobertBiedron";"Polska, niestety, rÃ³wnieÅ¼ ma tej czarnej liÅ›cie. Obecny rzÄ…d przyniÃ³sÅ‚ naprawdÄ™ zÅ‚Ä… zmianÄ™ Polsce. https://t.co/Cpp366uFBn";"Tue Jan 16 13:37:11 +0000 2018";"21";"97";"118967";""
"RobertBiedron";"Licytujecie? â¤ï¸âœŒï¸â˜®ï¸ #@fundacjawosp @onetpl #dajeowsiakowi #wosp2018 https://t.co/S3xBDPY9JU";"Sun Jan 14 10:22:27 +0000 2018";"53";"298";"118967";"dajeowsiakowi:wosp2018"
"RobertBiedron";"To miaÅ‚ byÄ‡ czyjÅ› homofobiczny Å¼art ze wspierania @fundacjawosp Przerobione zdjÄ™cie miaÅ‚o obraziÄ‡, a dziÄ™ki Wam wysâ€¦ https://t.co/9svudRSvaL";"Sat Jan 13 20:59:58 +0000 2018";"343";"2028";"118967";""
"RobertBiedron";"Z zatrudnieniem kaÅ¼dy i kaÅ¼da ma do czynienia. ğŸ‘·ğŸ»â€â™€ï¸ğŸ¤µğŸ»Warto wiÄ™c przeczytaÄ‡ ten tekst. Poza tym rozmÃ³wca wyborny -â€¦ https://t.co/n49fXi08vq";"Sat Jan 13 09:13:23 +0000 2018";"3";"37";"118967";""
"RobertBiedron";"Bardzo podoba mi siÄ™ sen prof. Magdaleny Åšrody. ğŸ˜´ A Wam? ğŸ¤” https://t.co/atWnumvWWz";"Fri Jan 12 09:32:49 +0000 2018";"21";"119";"118967";""
"RobertBiedron";"Jeszcze Polska nie zginÄ™Å‚a pÃ³ki mamy takie SÄ…dy! Brawo! https://t.co/GkTVwVRk4N";"Thu Jan 11 19:06:22 +0000 2018";"26";"193";"118967";""
"RobertBiedron";"O tym jak tworzymy miasto rÃ³wnych szans przeczytajcie w najnowszym numerze @Polityka_pl ğŸ— Ze szczegÃ³lnÄ… dedykacjÄ… dâ€¦ https://t.co/ztmxdxLaz5";"Thu Jan 11 11:19:16 +0000 2018";"25";"169";"118967";""
"RobertBiedron";"âœŒï¸ https://t.co/Au1fyNyjKw";"Wed Jan 10 22:10:30 +0000 2018";"3";"23";"118967";""
"RobertBiedron";"To nie rewolucja. To przywracanie normalnoÅ›ci, gdzie mÄ™Å¼czyÅºni i kobiety majÄ… rÃ³wne szanse. ğŸ‘·ğŸ»â€â™€ï¸ğŸ¤µğŸ» @Polityka_pl https://t.co/8lziO3u1eI";"Wed Jan 10 12:52:40 +0000 2018";"16";"162";"118967";""
"RobertBiedron";"Wymowny brak flag UE. To chyba bÄ™dzie bardzo antyunijny rzÄ…d... https://t.co/adbvX3Ekax";"Tue Jan 09 14:00:03 +0000 2018";"33";"269";"118967";""
"RobertBiedron";"FascynujÄ…ca mapa jÄ™zykÃ³w Å›wiata. ğŸŒ https://t.co/TvcoEjI5yq";"Sun Jan 07 23:47:00 +0000 2018";"56";"247";"118967";""
"RobertBiedron";"Zjednoczona opozycja? Tak! Z PiSem. #facepalm https://t.co/NsSbEJ0IWm";"Fri Jan 05 14:01:36 +0000 2018";"32";"98";"118967";"facepalm"
"RobertBiedron";"PamiÄ™tacie sÅ‚owa ""nie popieram, ale rozumiem""? Oto ich pokÅ‚osie...https://t.co/q8vm9xYB9j";"Fri Jan 05 11:59:41 +0000 2018";"155";"517";"118967";""
"RobertBiedron";"Taki siÄ™ kiedyÅ› podrÃ³Å¼owaÅ‚o... Mapa z 1881 z czasami podrÃ³Å¼y z Londynu. Ciekawe! ğŸŒ https://t.co/8MWrjoEprl";"Thu Jan 04 14:25:10 +0000 2018";"28";"154";"118967";""
"RobertBiedron";"MÄ…dre! ğŸ‘ Warto przeczytaÄ‡. ğŸ‘‡  https://t.co/hvEDp1EEZy";"Thu Jan 04 08:21:07 +0000 2018";"37";"171";"118967";""
"RobertBiedron";"Sylwester u Andrzeja? ğŸ¤ªğŸ­ğŸ‘‹ğŸ» https://t.co/DgZrKApVqk";"Sun Dec 31 12:25:22 +0000 2017";"3";"42";"118967";""
"RobertBiedron";"No to zaczynamy! ğŸ‘¨â€ğŸ‘©â€ğŸ‘§â€ğŸ‘¦ #invitro https://t.co/u1yR0hTo5x";"Sat Dec 30 17:17:49 +0000 2017";"153";"1097";"118967";"invitro"
"RobertBiedron";"Pierwszy sekretarz jeÅºdziÅ‚ po antydemokratyczne instrukcje do Moskwy,  a dziÅ›  polski premier szuka wsparcia dla anâ€¦ https://t.co/oboI1aeLOg";"Thu Dec 28 19:02:07 +0000 2017";"162";"899";"118967";""
"RobertBiedron";"BudÅ¼et SÅ‚upska na 2018 rok przyjÄ™ty. Rekordowo wysoki, z wieloma waÅ¼nymi inwestycjami. ğŸ’ªTo bÄ™dzie dobry rok. Zmieniâ€¦ https://t.co/1TkiGEdJpX";"Thu Dec 28 16:35:56 +0000 2017";"37";"498";"118967";""
"RobertBiedron";"Rada Miasta zdecydowaÅ‚a, Å¼e rok 2018 bÄ™dzie w SÅ‚upsku rokiem 100-lecia ObchodÃ³w Odzyskania NiepodlegÅ‚oÅ›ci przez Polâ€¦ https://t.co/X4WVQO1lcg";"Thu Dec 28 10:10:19 +0000 2017";"105";"1001";"118967";""
"RobertBiedron";"ğŸ…ğŸ»Wojna o dostarczanie prezentÃ³w dla Was trwa! ğŸ„Zobaczcie koniecznie kto jÄ… wygraÅ‚. ğŸ‘ #SNLPolska https://t.co/0XPpii8y5V";"Tue Dec 26 08:26:56 +0000 2017";"10";"46";"118967";"SNLPolska"
"RobertBiedron";"Kolejny powÃ³d do dumy z mojego miasta! ğŸ‘©ğŸ»â€âš–ï¸ #wolnesÄ…dy https://t.co/aRSHU13oEU";"Mon Dec 25 20:23:11 +0000 2017";"38";"226";"118967";"wolnesÄ…dy"
"RobertBiedron";"KrzyÅ¼yk... i zielony. ğŸ¤ª A Wy juÅ¼ siÄ™ wyspowiadaliÅ›cie? ğŸ’’ #SNLPolska https://t.co/u4YVBonDxv";"Mon Dec 25 09:29:54 +0000 2017";"6";"61";"118967";"SNLPolska"
"RobertBiedron";"Najedzeni? To teraz uczta intelektualna. Przeczytajcie ten tekst koniecznie! ğŸ‘‡ @stskarzynski https://t.co/Hno32zJJmU";"Sun Dec 24 20:14:11 +0000 2017";"23";"92";"118967";""
"RobertBiedron";"ğŸ…ğŸ»WesoÅ‚ych!ğŸ„ https://t.co/S9L7NzLjg7";"Sun Dec 24 15:09:45 +0000 2017";"12";"216";"118967";""
"RobertBiedron";"â„ï¸ğŸ‘‰Å»yczÄ™ Wam udanych Å›wiÄ…tecznych prezentÃ³w od... https://t.co/5bUb0I6GM1";"Sun Dec 24 11:59:45 +0000 2017";"38";"244";"118967";""
"RobertBiedron";"OglÄ…daliÅ›cie? ğŸ˜€ğŸ’ªâ¤ï¸ #SNLpolska https://t.co/ZJ18we0e4v";"Sun Dec 24 08:38:25 +0000 2017";"35";"257";"118967";"SNLpolska"
"RobertBiedron";"To juÅ¼ dzisiaj! ğŸ˜› Widzimy siÄ™ o godz. 21. ğŸ‘ˆTransmisja LIVE na moim fejsbukowym fan page.ğŸ‘‹ğŸ» #snlpolska https://t.co/WO9yu7y86d";"Sat Dec 23 09:13:19 +0000 2017";"14";"123";"118967";"snlpolska"
"RobertBiedron";"- Dzisiaj edukatorami sÄ… poseÅ‚ PawÅ‚owicz i ksiÄ…dz Oko. ğŸ“– @anjarubikblog @KropkaNadI https://t.co/trUOYLhvXi";"Thu Dec 21 20:50:07 +0000 2017";"27";"149";"118967";""
"RobertBiedron";"Demokracja a' la PiS: rzÄ…dy wiÄ™kszoÅ›ci bez poszanowania praw mniejszoÅ›ci...";"Thu Dec 21 08:49:31 +0000 2017";"57";"429";"118967";""
"RobertBiedron";"Uruchomienie art 7 ToUE nadaje nowego znaczenia ewentualnenym vetom #PAD. To nie tylko brak zgody na niszczenie KRSâ€¦ https://t.co/PQppqAC14v";"Wed Dec 20 15:14:40 +0000 2017";"74";"405";"118967";"PAD"
"RobertBiedron";"BÄ™dzie siÄ™ dziaÅ‚o w sobotÄ™! https://t.co/VegW9gMSm8 https://t.co/3oPLQtSzvx";"Tue Dec 19 11:28:03 +0000 2017";"19";"146";"118967";""
"RobertBiedron";"I znÃ³w idÄ… Å›wiÄ™ta! ğŸ„ Specjalnie dla Was nagraliÅ›my piosenkÄ™ ze SÅ‚upska! W rolach gÅ‚Ã³wnych: SARSA ğŸ¤¶, Chor Fantazja Sâ€¦ https://t.co/8ePyJ5im62";"Tue Dec 19 09:52:14 +0000 2017";"14";"149";"118967";""
"RobertBiedron";"SÅ‚upski szpital trzecim najlepszym w Polsce. Brawo my! https://t.co/NZBc3CO2FT";"Sat Dec 16 10:30:28 +0000 2017";"12";"213";"118967";""
"RobertBiedron";"Prezesie KaczyÅ„ski, nie proÅ›ciej byÅ‚o wysÅ‚aÄ‡ poseÅ‚ PawÅ‚owicz do TVN, Å¼eby wygraÅ‚a tego miliona w â€šMilionerachâ€™? ğŸ¤” #karadlaTVN";"Fri Dec 15 20:15:58 +0000 2017";"97";"705";"118967";"karadlaTVN"
"RobertBiedron";"ğŸ‘‰OglÄ…damy siÄ™ w Polsat News o godz. 19.15. ğŸ–¥ @PolsatNewsPL https://t.co/khiL9In9D0";"Fri Dec 15 17:06:57 +0000 2017";"0";"21";"118967";""
"RobertBiedron";"Premier Morawiecki rzeczywiÅ›cie mÃ³wi Å‚adnie w jÄ™zyku angielskim. Ale w Brukseli trzeba mÃ³wiÄ‡ jÄ™zykiem wartoÅ›ci euroâ€¦ https://t.co/mKX05tREYe";"Fri Dec 15 11:01:26 +0000 2017";"138";"803";"118967";""
"RobertBiedron";"SÅ‚yszymy siÄ™ o 7.40 w @Radio_TOK_FM ğŸ‘‹ğŸ»";"Fri Dec 15 06:13:28 +0000 2017";"4";"37";"118967";""
"RobertBiedron";"Na Instagramie jest nas juÅ¼ 100K ğŸ”“. Fajnie tam nam razem!â¤ï¸ KtoÅ› z Was obserwuje? https://t.co/pqb8g8o9pQ";"Thu Dec 14 08:45:57 +0000 2017";"10";"154";"118967";""
"RobertBiedron";"PojÄ™cia niestety nabierajÄ… nowych znaczeÅ„... KRRiTv czyli Komitet Represjonowania Radia i Telewizji? CaÅ‚a wÅ‚adza zâ€¦ https://t.co/EM79rFyejy";"Tue Dec 12 10:44:06 +0000 2017";"78";"427";"118967";""
"RobertBiedron";"Slupsk taki piÄ™kny! â„ï¸â˜ƒï¸ https://t.co/uhdLGRjuwI";"Tue Dec 12 09:37:51 +0000 2017";"30";"421";"118967";""
"RobertBiedron";"OdwoÅ‚ujÄ™ pogotowie przeciwpowodziowe w SÅ‚upsku. @slupskpl";"Tue Dec 12 09:07:58 +0000 2017";"1";"27";"118967";""
"RobertBiedron";"Let's talk about sex! You should watch the video! https://t.co/MIoHn8ILrb";"Sun Dec 10 08:07:27 +0000 2017";"8";"39";"118967";""
"RobertBiedron";"- To nie jest kino familijne, Å¼eby mnie poruszaÅ‚ los pani premier. To jest polityczka i gdyby byÅ‚a niezaleÅ¼na, byÅ‚aâ€¦ https://t.co/J9FFNVZpen";"Sat Dec 09 19:56:12 +0000 2017";"33";"340";"118967";""
"RobertBiedron";"Widzimy siÄ™ o godz. 19.20 w @faktypofaktach w @tvn24 https://t.co/hUW2duJQkF";"Sat Dec 09 17:06:27 +0000 2017";"7";"51";"118967";""
"RobertBiedron";"Debata o Konstytucji w SP nr 11 w SÅ‚upsku. Dzieki za zaproszenie! Konstytucji siÄ™ nie odmawia! Te rozmowy z mÅ‚odymiâ€¦ https://t.co/zo6dc8IuyB";"Sat Dec 09 08:38:22 +0000 2017";"46";"354";"118967";""
"RobertBiedron";"Szlachetne paczki od pracownikÃ³w ratusza dostarczone. ğŸ…ğŸ»W zamian takie piÄ™kne podziÄ™kowania. ğŸ’ªWarto pomagaÄ‡! ğŸ˜ https://t.co/EHCe3hvQUt";"Fri Dec 08 16:58:04 +0000 2017";"14";"187";"118967";""
"RobertBiedron";"Magicznie! ğŸ˜ https://t.co/wDhudrvloL";"Fri Dec 08 14:48:45 +0000 2017";"5";"61";"118967";""
"RobertBiedron";"PiS: Partia i SÄ…dy w jednym.";"Fri Dec 08 14:42:13 +0000 2017";"74";"382";"118967";""
"RobertBiedron";"Z takÄ… samÄ… Å‚atwoÅ›ciÄ… jak wymieniajÄ… dziÅ› ludzi w rzÄ…dzie wedÅ‚ug widzimisiÄ™ Prezesa, tak samo planujÄ… robiÄ‡ to w naâ€¦ https://t.co/jaTPlfCnMX";"Thu Dec 07 21:21:34 +0000 2017";"114";"657";"118967";""
"RobertBiedron";"Ze wzglÄ™du na wysoki i rosnÄ…cy stan wody SÅ‚upi ogÅ‚aszam pogotowie przeciwpowodziowe dla miasta SÅ‚upsk. SytuacjÄ™ monâ€¦ https://t.co/UMAKzqgoNy";"Thu Dec 07 17:43:23 +0000 2017";"15";"56";"118967";""
"RobertBiedron";"Z powodu braku Å›niegu, w tym roku MikoÅ‚aje z Laponii przez BaÅ‚tyk do Polski przybyli nie na saniach, ale w kajakachâ€¦ https://t.co/bLlPgA1vWS";"Wed Dec 06 19:28:15 +0000 2017";"38";"394";"118967";""
"RobertBiedron";"Pomorskie â¤ï¸ https://t.co/Vu1cSTiySN";"Tue Dec 05 16:20:03 +0000 2017";"2";"42";"118967";""
"RobertBiedron";"Odnowiony mogÄ™ przystÄ…piÄ‡ do dalszej pracy. DziÄ™kujÄ™ za modlitwÄ™, ale i bez niej radzÄ™ chyba sobie caÅ‚kiem nieÅºle.â€¦ https://t.co/CGtBKPUyJu";"Tue Dec 05 15:39:35 +0000 2017";"99";"741";"118967";""
"RobertBiedron";"Jutro @anjarubikblog w SÅ‚upsku. Zapraszamy na spotkanie! https://t.co/XVkp0Q716s";"Tue Dec 05 15:11:02 +0000 2017";"8";"32";"118967";""
"RobertBiedron";"Super inwestycje w super SÅ‚upsku! Brawo my! @slupskpl https://t.co/GbLXtSXobZ";"Tue Dec 05 08:18:35 +0000 2017";"5";"71";"118967";""
"RobertBiedron";"OpÃ³r to najwyÅ¼sza postaÄ‡ patriotyzmu. Thomas Jefferson.  #wolnesady #wolnewybory #wolnaPolska";"Tue Dec 05 07:51:03 +0000 2017";"55";"274";"118967";"wolnesady:wolnewybory:wolnaPolska"
"RobertBiedron";"Ukryta zasada 2kadencyjnoÅ›ci z mocÄ… wstecznÄ…? MiaÅ‚ racjÄ™ Astolphe de Custine prawo moÅ¼e i nie dziaÅ‚a wstecz, wola dâ€¦ https://t.co/54WWbGdsbZ";"Thu Nov 30 08:29:12 +0000 2017";"22";"94";"118967";""
"RobertBiedron";"MÃ³j bank na szczÄ™Å›cie szybko siÄ™ zreflektowaÅ‚ po fatalnym bÅ‚Ä™dzie. JuÅ¼ wiem jakÄ… grafikÄ™ bÄ™dzie miaÅ‚a moja nastÄ™pnaâ€¦ https://t.co/tFU1CFhrQ5";"Wed Nov 29 18:00:24 +0000 2017";"7";"80";"118967";""
"RobertBiedron";"GÅ‚oÅ›no gÄ™gaÄ‡! https://t.co/XyWBVMOfXq";"Wed Nov 29 15:00:31 +0000 2017";"20";"101";"118967";""
"RobertBiedron";"Najnowszy ranking @rzeczpospolita : 12 miejsce w kraju jeÅ›li chodzi o pozyskane Å›rodki z UE. JesteÅ›my skuteczni! ğŸ’ªBâ€¦ https://t.co/aNfG27pkx6";"Sun Nov 26 17:44:56 +0000 2017";"13";"202";"118967";""
"RobertBiedron";"Jestem dumny ze SÅ‚upska!!! #WolneSady #WolneWybory #WolnaPolska https://t.co/oUclhSmzPN";"Fri Nov 24 19:12:25 +0000 2017";"60";"590";"118967";"WolneSady:WolneWybory:WolnaPolska"
"RobertBiedron";"Lepiej razem niÅ¼ osobno. âœŒï¸ @partiarazem https://t.co/zy316ebT2Q";"Thu Nov 23 18:39:09 +0000 2017";"63";"636";"118967";""
"RobertBiedron";"Hmmm moÅ¼e wzorem ustawy dezubekizacyjnej w przyszÅ‚oÅ›ci  odebraÄ‡ emerytury wszystkim posÅ‚om, ktÃ³rzy gÅ‚osowali za ewiâ€¦ https://t.co/xVQMGNDPmd";"Thu Nov 23 18:25:46 +0000 2017";"547";"2773";"118967";""
"RobertBiedron";"Polski brak.ğŸ˜¥ https://t.co/mf0LqvYwvr";"Tue Nov 21 20:52:00 +0000 2017";"34";"109";"118967";""
"RobertBiedron";"Pan Prezes byÅ‚by zdecydowanie lepszym prezesem @Fundacja_Viva niÅ¼ jest Polski. ;( https://t.co/i9TWqrpfV3";"Sun Nov 19 07:49:56 +0000 2017";"17";"152";"118967";""
"RobertBiedron";"3ï¸âƒ£ lata to dobry moment na podsumowanie kadencji. Kiedy rozpoczynaÅ‚em, SÅ‚upsk byÅ‚ jednym z najbardziej zadÅ‚uÅ¼onychâ€¦ https://t.co/G9na6sOmA0";"Sat Nov 18 17:46:36 +0000 2017";"60";"529";"118967";""
"RobertBiedron";"Nie przenoÅ›cie nam PaÅ‚acu Kultury i Nauki do SÅ‚upska!âœŒï¸#paÅ‚ackultury";"Fri Nov 17 06:14:58 +0000 2017";"17";"166";"118967";"paÅ‚ackultury"
"RobertBiedron";"PrzemyÅ›lanego Dnia Filozofii! â˜ï¸ https://t.co/tr4DepivSR";"Thu Nov 16 07:20:04 +0000 2017";"36";"252";"118967";""
"RobertBiedron";"Duma ğŸ˜ @slupskpl https://t.co/aMR6Rp7Kbb";"Tue Nov 14 19:03:56 +0000 2017";"8";"91";"118967";""
"RobertBiedron";"Katowice: Super rozmowy o ksiÄ…Å¼ce i jakoÅ›ci Å¼ycia w miastach ÅšlÄ…ska i ZagÅ‚Ä™bia. DziÄ™ki za mnÃ³stwo pozytywnej energiâ€¦ https://t.co/hpo37fpyNZ";"Sun Nov 12 19:20:32 +0000 2017";"7";"115";"118967";""
"RobertBiedron";"Do zobaczenia w Katowicach! https://t.co/GJWUIm2v5z";"Sat Nov 11 18:06:37 +0000 2017";"1";"26";"118967";""
"RobertBiedron";"Niech Å¼yje NiepodlegÅ‚a! Niech Å¼yje Polska! ğŸ‡µğŸ‡± https://t.co/KFOVkyvXJL";"Sat Nov 11 17:11:24 +0000 2017";"52";"486";"118967";""
"RobertBiedron";"Nowy pumptruck otwarty w SÅ‚upsku! Dzieje siÄ™! ğŸš²â¤ï¸ @slupskpl https://t.co/I4VzTkQ8US";"Thu Nov 09 18:42:37 +0000 2017";"12";"204";"118967";""
"RobertBiedron";"Brawo ÅÃ³dÅº! â¤ï¸ https://t.co/33xcLoL4w8";"Thu Nov 09 14:28:13 +0000 2017";"6";"65";"118967";""
"RobertBiedron";"Wczoraj KrakÃ³w, dzisiaj ÅÃ³dÅº. Brawo! https://t.co/T1xuhYMN6O";"Thu Nov 09 14:21:34 +0000 2017";"21";"129";"118967";""
"RobertBiedron";"SÅ‚upsk, Lublin, Warszawa, a dzisiaj KrakÃ³w... Kto nastÄ™pny?https://t.co/ug31FFofIR";"Wed Nov 08 20:25:51 +0000 2017";"13";"104";"118967";""
"RobertBiedron";"Ogromne Å›rodki dla naszego miasta na wielkÄ…, naprawdÄ™ dobrÄ… zmianÄ™! Brawo my! https://t.co/QLLF6360Lq";"Wed Nov 08 17:54:03 +0000 2017";"16";"149";"118967";""
"RobertBiedron";"Ekologia w praktyce. https://t.co/GzGT1eBw8L";"Tue Nov 07 19:39:43 +0000 2017";"6";"67";"118967";""
"RobertBiedron";"Przed sÄ…dami pÅ‚onÄ™Å‚y juÅ¼ znicze, teraz pÅ‚onÄ… ludzie :( #dobrazmiana";"Tue Nov 07 12:54:45 +0000 2017";"148";"687";"118967";"dobrazmiana"
"RobertBiedron";"640 zÅ‚ oszczÄ™dnoÅ›ci? To moÅ¼liwe. @DanfossPoland @RadioGdansk @slupskpl https://t.co/Y2VSvAeteo";"Mon Nov 06 21:14:16 +0000 2017";"8";"27";"118967";""
"RobertBiedron";"Jeszcze wiÄ™cej dla mieszkaÅ„cÃ³w miasta! Rozpoczynamy wspÃ³Å‚pracÄ™ z firmÄ… @DanfossPoland https://t.co/CG9AgOlPme";"Mon Nov 06 18:22:18 +0000 2017";"4";"49";"118967";""
"RobertBiedron";"POROZUMIENIE w skrÃ³cie to bÄ™dzie POROZUM? :) Na wesoÅ‚o ;)";"Sun Nov 05 08:57:08 +0000 2017";"56";"671";"118967";""
"RobertBiedron";"Wielkie sÅ‚owa, moralizatorstwo, wartoÅ›ci rodzinne, a w domowym zaciszu...https://t.co/RqvtB882bU";"Sat Nov 04 09:16:45 +0000 2017";"100";"289";"118967";""
"RobertBiedron";"PBS chce ratowaÄ‡ pomnik JPII, ale zamyka granice przed ludÅºmi uciekajÄ…cymi przed wojnÄ… i gÅ‚odem. Gdzie sens, gdzie chrzeÅ›cijaÅ„stwo?";"Thu Nov 02 19:39:48 +0000 2017";"128";"943";"118967";""
"RobertBiedron";"Zapraszamy! @slupskpl @Fundacja_Jarugi @barbaraanowacka https://t.co/QjubfzeDva";"Thu Nov 02 17:00:58 +0000 2017";"14";"112";"118967";""
"RobertBiedron";"WiedziaÅ‚em, Å¼e nie mogÄ™ zniszczyÄ‡ tej bluzeczki czy rajstopek, bo potem brat bÄ™dzie w nich chodziÅ‚... ğŸ˜ https://t.co/EcMJLJoj8h";"Wed Nov 01 19:52:39 +0000 2017";"26";"188";"118967";""
"RobertBiedron";"GEJ JEST OK #sexedpl https://t.co/KUxzRNisy9";"Tue Oct 31 16:54:43 +0000 2017";"132";"691";"118967";"sexedpl"
"RobertBiedron";"10 listopada otwarcie ronda Izabeli Jarugi-Nowackiej w SÅ‚upsku. PokaÅ¼my sprzeciw dla takich sÅ‚Ã³w i czynÃ³w. https://t.co/TZC6MSVD0J";"Tue Oct 31 09:41:31 +0000 2017";"79";"467";"118967";""
"RobertBiedron";"JuÅ¼ jutro #sexedpl â¤ï¸ https://t.co/31AgjrZI9F";"Mon Oct 30 19:58:48 +0000 2017";"56";"295";"118967";"sexedpl"
"RobertBiedron";"Brawo Warszawa! KtÃ³re miasto bÄ™dzie nastÄ™pne? ğŸ‘@GazetaStoleczna @hannagw @warszawa https://t.co/DmPT2jXZie";"Mon Oct 30 16:02:43 +0000 2017";"14";"135";"118967";""
"RobertBiedron";"Bierzemy sprawy w nasze rÄ™ce? ğŸ‘ˆ #sexedpl https://t.co/dCzdB04MSV";"Fri Oct 27 20:05:07 +0000 2017";"120";"510";"118967";"sexedpl"
"RobertBiedron";"BudowaÄ‡, a nie paliÄ‡ mostÃ³w! SÅ‚upsk-PoznaÅ„ - wspÃ³lna Polska. ğŸ‡µğŸ‡±âœŒï¸https://t.co/eXixlAIlmN";"Thu Oct 26 14:00:16 +0000 2017";"16";"145";"118967";""
"RobertBiedron";"#sexedpl https://t.co/AAh4SUSFYB";"Tue Oct 24 17:46:01 +0000 2017";"47";"200";"118967";"sexedpl"
"RobertBiedron";"Brawo Olsztyn! Kto nastÄ™pny? âœŒï¸ğŸ‡µğŸ‡± @Miasto_Olsztyn https://t.co/6H971zHioi";"Fri Oct 20 15:43:03 +0000 2017";"20";"118";"118967";""
"RobertBiedron";"Ranking najbardziej wpÅ‚ywowych Polek i PolakÃ³w tygodnika 'Wprost'. ğŸ‘@TygodnikWPROST https://t.co/6gSCjR6EkF";"Thu Oct 19 08:20:09 +0000 2017";"17";"300";"118967";""
"RobertBiedron";"Decyzja zapadÅ‚a: Kongres WÅ‚adz Lokalnych i Regionalnych Rady Europy sprawdzi przestrzeganie prawa w Polsce.â€¦ https://t.co/YaOTo1gx4U";"Wed Oct 18 08:29:09 +0000 2017";"69";"301";"118967";""
"RobertBiedron";"StaÅ‚o siÄ™ - jest nas tutaj na Twitterze juÅ¼ ponad 100000! DziÄ™kujÄ™, Å¼e jesteÅ›my razem! â¤ï¸ https://t.co/VUskGe2Nvu";"Tue Oct 17 17:11:23 +0000 2017";"41";"615";"118967";""
"RobertBiedron";"Do zobaczenia! ğŸ‘Œ https://t.co/tegPGiBgLa";"Tue Oct 17 14:12:38 +0000 2017";"3";"20";"118967";""
"RobertBiedron";"Nawet co siÃ³dmy pracownik w Polsce to tzw. pracujÄ…cy ubogi! ğŸ‡µğŸ‡± https://t.co/1qc04WypbQ";"Tue Oct 17 11:11:16 +0000 2017";"13";"38";"118967";""
"RobertBiedron";"Karuzela integracyjna dla dzieciakÃ³w peÅ‚nosprawnych i z niepeÅ‚nosprawnoÅ›ciami stanÄ™Å‚a w SÅ‚upsku. A to dopiero poczÄ…â€¦ https://t.co/SqlxUxNB11";"Tue Oct 17 07:43:56 +0000 2017";"65";"413";"118967";""
"RobertBiedron";"Wpadajcie do SÅ‚upska na Kongres WspÃ³Å‚pracy Lokalnej. ğŸ¤ @slupskpl https://t.co/KlNOV3vmUN";"Sat Oct 14 13:42:55 +0000 2017";"8";"37";"118967";""
"RobertBiedron";"O tym kto bÄ™dzie rzÄ…dziÅ‚ Å›wiatem jutro porozmawiamy w Warszawie. ğŸŒ https://t.co/WW1ZHtX76q";"Thu Oct 12 11:39:55 +0000 2017";"7";"39";"118967";""
"RobertBiedron";"Walczymy o drogÄ™ S6 dla najbardziej wykluczonego komunikacyjnie regionu Polski! âœŒï¸ https://t.co/WdyVLKOEGU";"Thu Oct 12 08:23:27 +0000 2017";"10";"73";"118967";""
"RobertBiedron";"Macie takie murale u Was? PiÄ™kny! ğŸ¦† by Tomasz 'Cukin' Å»uk https://t.co/ETdKBGsXzR";"Mon Oct 09 11:53:42 +0000 2017";"30";"337";"118967";""
"RobertBiedron";"â¤ï¸ https://t.co/8kGbBC0Vds";"Mon Oct 02 19:30:24 +0000 2017";"93";"573";"118967";""
"RobertBiedron";"SÅ‚upsk - zielone miasto nowej generacji. ğŸ https://t.co/92xulK4J8S";"Sun Oct 01 22:17:38 +0000 2017";"13";"138";"118967";""
"RobertBiedron";"Ku przestrodze https://t.co/ri3iQMVrFR";"Sun Oct 01 09:21:48 +0000 2017";"320";"894";"118967";""
"RobertBiedron";"SÅ‚uchamy siÄ™ dzisiaj o 7.20 w @Radio_TOK_FM a o 8.02 w @Gosc_RadiaZET ğŸ“»";"Thu Sep 28 04:56:11 +0000 2017";"3";"18";"118967";""
"RobertBiedron";"Eskimosi na Antarktydzie? ğŸ¤” Takie sÄ… skutki prawicowej edukacji red. Lisiewicza. Nie czytajcie gazet, ktÃ³re Was ogÅ‚â€¦ https://t.co/nakTS6fCYq";"Wed Sep 20 19:03:05 +0000 2017";"166";"932";"118967";""
"RobertBiedron";"Historia Polski bez zadÄ™cia? Przeczytajcie najnowszÄ… ksiÄ…Å¼kÄ™ Krzysztofa Iszkowskiego 'Ofiary losu. Inna historia Poâ€¦ https://t.co/OlSJrme92O";"Tue Sep 19 20:13:38 +0000 2017";"22";"155";"118967";""
"RobertBiedron";"CzÅ‚owiek jest jedynym gatunkiem na Ziemi, ktÃ³ry nienawidzi z powodu homoseksualnoÅ›ci. Å»egnaj Kacprze. https://t.co/mjPanJevkO";"Mon Sep 18 20:18:19 +0000 2017";"187";"673";"118967";""
"RobertBiedron";"Ciekawa grafika. W internecie jak w ulu. ğŸ https://t.co/gcZNK80ifF";"Sat Sep 16 07:18:29 +0000 2017";"52";"177";"118967";""
"RobertBiedron";"Bohater! ğŸ‘ğŸ‘ğŸ‘ https://t.co/bvead9GCA9";"Fri Sep 15 15:25:24 +0000 2017";"9";"79";"118967";""
"RobertBiedron";"Bodnar to przyzwoity facet i Å›wietny Rzecznik Praw Obywatelskich. OkaÅ¼my solidarnoÅ›Ä‡ z nim! ğŸ‘https://t.co/YZ5Z5OE6js";"Thu Sep 14 20:55:01 +0000 2017";"134";"554";"118967";""
"RobertBiedron";"Gdzie jest paÅ„stwo? https://t.co/8j7zdMc1U0";"Thu Sep 14 19:18:30 +0000 2017";"36";"194";"118967";""
"RobertBiedron";"Widzimy siÄ™ wieczorem! ğŸ‘ https://t.co/mTKId48ZAa";"Thu Sep 14 16:22:28 +0000 2017";"19";"175";"118967";""
"RobertBiedron";"Potrzebne nowe stanowisko Polski w sprawie euro. GÅ‚os polsko-niemiecki. ğŸ‡µğŸ‡±ğŸ‡©ğŸ‡ª@ManuelSarrazin @fr @gazeta_wyborcza https://t.co/btweX2L4qT";"Wed Sep 13 18:43:01 +0000 2017";"5";"36";"118967";""
"RobertBiedron";"WydaÅ‚o siÄ™! ğŸ¤— https://t.co/L8PKuJRxvr";"Tue Sep 12 17:19:53 +0000 2017";"12";"86";"118967";""
"RobertBiedron";"RozpoczÄ™liÅ›my akcjÄ™ 'Konstytucja w kaÅ¼dej klasie'. Przy wejÅ›ciu do kaÅ¼dej sÅ‚upskiej szkoÅ‚y zawiÅ›nie preambuÅ‚a do Koâ€¦ https://t.co/1dAN379rnS";"Mon Sep 11 20:36:28 +0000 2017";"221";"1059";"118967";""
"RobertBiedron";"Taki mamy klimat - zasyfiony. Ale idziemy konsekwentnie po prÄ…d, na zatracenie. Nie bÄ™dzie Unia mÃ³wiÅ‚a nam czym mamâ€¦ https://t.co/kXIf4UYa9K";"Mon Sep 11 07:22:46 +0000 2017";"149";"350";"118967";""
"RobertBiedron";"O take Polske walczymy! âœŒï¸@kongreskobiet https://t.co/NOaTdxS6mE";"Sun Sep 10 16:34:21 +0000 2017";"34";"206";"118967";""
"RobertBiedron";"Demokracja bez kobiet to pÃ³Å‚ demokracji. ğŸ‘±â€â™€ï¸@natematpl @kongreskobiet https://t.co/fvmF9QnlrG";"Fri Sep 08 17:44:45 +0000 2017";"29";"161";"118967";""
"RobertBiedron";"WspÃ³lny tekst z @ManuelSarrazin w @fr : https://t.co/mQE317uNhM";"Fri Sep 08 07:52:24 +0000 2017";"5";"17";"118967";""
"RobertBiedron";"O wyzwaniach piszÄ™ dzisiaj w @rzeczpospolita https://t.co/OUoCyCC2xq";"Wed Sep 06 07:47:07 +0000 2017";"13";"67";"118967";""
"RobertBiedron";"Wbrew pozorom to nie rada programowa gejowskiej organizacji.   #ForumEkonomiczne #Krynica2017 #wmÄ™skimgronie https://t.co/vDxuw42hqf";"Tue Sep 05 21:21:09 +0000 2017";"105";"535";"118967";"ForumEkonomiczne:Krynica2017:wmÄ™skimgronie"
"RobertBiedron";"ğŸ‘‰Na szczÄ™Å›cie jest alternatywna oferta podczas #ForumEkonomiczne w #Krynica2017 ğŸ‘Œ https://t.co/EZU9HMmQKp";"Tue Sep 05 20:46:48 +0000 2017";"4";"47";"118967";"ForumEkonomiczne:Krynica2017"
"RobertBiedron";"Tegoroczna #krynica2017 pod hasÅ‚em 'Projekt Europa', a w pakiecie powitalnym takie niespodzianki. Welcome in Krynicâ€¦ https://t.co/omFSPzuWzC";"Tue Sep 05 12:37:33 +0000 2017";"35";"199";"118967";"krynica2017"
"RobertBiedron";"Yes, I can! â¤ï¸â¤ï¸â¤ï¸ https://t.co/jTlXmtvgYn";"Mon Sep 04 06:47:16 +0000 2017";"2";"36";"118967";""
"RobertBiedron";"Jestem kompletnie zdegustowany. https://t.co/w0Ft22xBPq";"Fri Sep 01 11:50:28 +0000 2017";"28";"245";"118967";""
"RobertBiedron";"Dzisiaj warto przypomnieÄ‡ o BOHATERKACH tej strasznej wojny. ChwaÅ‚a Bohaterkom! @natematpl https://t.co/A8R5A2sdg1";"Fri Sep 01 08:16:17 +0000 2017";"22";"88";"118967";""
"RobertBiedron";"SolidarnoÅ›Ä‡ naszÄ… siÅ‚Ä…! ğŸ‡µğŸ‡±âœŒï¸ https://t.co/ujc6Et5zf2";"Thu Aug 31 12:11:04 +0000 2017";"40";"394";"118967";""
"RobertBiedron";"PamiÄ™tajÄ…c o 'Solidarnosci' przez duÅ¼e 'S',dzisiaj naszÄ… siÅ‚Ä… solidarnoÅ›Ä‡ przez maÅ‚e 's'.Ta prozaiczna,ale najwaÅ¼niejsza -dnia codziennegoâœŒï¸";"Thu Aug 31 06:52:50 +0000 2017";"37";"297";"118967";""
"RobertBiedron";"Po co lecieÄ‡ do Las Vegas skoro moÅ¼ecie zrobiÄ‡ to w SÅ‚upsku? ğŸ˜https://t.co/3A9DdADQTs";"Tue Aug 29 14:24:40 +0000 2017";"11";"209";"118967";""
"RobertBiedron";"A dlaczego Wy czytacie? ğŸ“š https://t.co/NaU5RqUrUB";"Sun Aug 27 19:31:03 +0000 2017";"10";"67";"118967";""
"RobertBiedron";"LeviÄÃ¡k â¤ï¸ @iROZHLAScz https://t.co/aUkSvwggMk";"Sun Aug 27 13:50:28 +0000 2017";"36";"263";"118967";""
"RobertBiedron";"Mamy nowe, kobiece miejsca na mapie miasta! ğŸ‘©ğŸ»ğŸ‘§ğŸ¼ğŸ‘±â€â™€ï¸ https://t.co/PKP0WcriVK";"Thu Aug 24 21:06:43 +0000 2017";"64";"511";"118967";""
"RobertBiedron";"Od dzisiaj SÅ‚upsk ma ulicÄ™ Wandy Chotomskiej, pisarki, Honorowej Obywatelki SÅ‚upska i rondo Izabeli Jarugi-Nowackiej, posÅ‚anki naszej ziemi.";"Wed Aug 23 13:18:07 +0000 2017";"122";"1095";"118967";""
"RobertBiedron";"SÅ‚upsk solidarny z gminÄ… Czersk. Rada Miasta zdecydowaÅ‚a o przekazaniu wsparcia finansowego. âœŒï¸";"Wed Aug 23 10:31:19 +0000 2017";"24";"203";"118967";""
"RobertBiedron";"Jak starzeje siÄ™ Å›wiat. ğŸ‘µğŸ»ğŸ‘´ğŸ»ğŸ‘µğŸ½ https://t.co/P8wiWKslW2";"Tue Aug 22 19:41:30 +0000 2017";"17";"46";"118967";""
"RobertBiedron";"OgÅ‚osiÅ‚em pogotowie przeciwpowodziowe na terenie SÅ‚upska. Wszystkie sÅ‚uÅ¼by wspÃ³Å‚pracujÄ… usuwajÄ…c skutki i zabezpiecâ€¦ https://t.co/roIcBo1urW";"Tue Aug 22 11:58:54 +0000 2017";"36";"216";"118967";""
"RobertBiedron";"Polityka to nie sondaÅ¼e. @rzeczpospolita https://t.co/6wLlmWb0KE";"Mon Aug 21 09:40:53 +0000 2017";"5";"55";"118967";""
"RobertBiedron";"ğŸ“Kraje z najlepszym szkolnictwem wyÅ¼szym na Å›wiecie. ZnajdÅº PolskÄ™. ğŸ¤” https://t.co/95civIqPTH";"Sun Aug 20 11:48:33 +0000 2017";"66";"209";"118967";""
"RobertBiedron";"Poznajcie UrszulÄ™, nowÄ… mieszkankÄ™ SÅ‚upska. ğŸ‘¨â€ğŸ‘©â€ğŸ‘§ğŸ˜@slupskpl https://t.co/DMeQSp4MKQ";"Sat Aug 19 08:36:30 +0000 2017";"6";"221";"118967";""
"RobertBiedron";"Do zobaczenia Pani Wando! ğŸ¤šhttps://t.co/l1kCk9ogOD";"Fri Aug 18 19:29:51 +0000 2017";"13";"94";"118967";""
"RobertBiedron";"Na najbliÅ¼szej sesji Rady Miasta poproszÄ™ radnych o przekazanie 50 tys. zÅ‚ poszkodowanym przez nawaÅ‚nicÄ™. Symbolicznie ale solidarnie!âœŒï¸";"Wed Aug 16 15:02:10 +0000 2017";"138";"917";"118967";""
"RobertBiedron";"Dzisiaj MiÄ™dzynarodowy DzieÅ„ OsÃ³b LeworÄ™cznych. Fajnie jest naleÅ¼eÄ‡ do tego elitarnego klubu maÅ„kutÃ³w. ğŸ¤— https://t.co/MHbZnb54Ko";"Sun Aug 13 08:26:56 +0000 2017";"93";"767";"118967";""
"RobertBiedron";"Nie tylko Prezes nie miaÅ‚ konta bankowego... âœŒï¸ https://t.co/kEJlTq35LN";"Sat Aug 12 08:32:54 +0000 2017";"6";"43";"118967";""
"RobertBiedron";"Fajnie tu mamy! ğŸ– Brawo @slupskpl https://t.co/21mdu0Rx5f";"Wed Aug 09 06:49:38 +0000 2017";"16";"127";"118967";""
"RobertBiedron";"ğŸ“¢ Uwaga konkurs graficzny! Do wygrania 2 bilety na koncert zespoÅ‚u Korn na 15 sierpnia. ğŸ–SzczegÃ³Å‚y na moim fan pageâ€¦ https://t.co/WjAoSsJO9r";"Sun Aug 06 20:33:52 +0000 2017";"19";"91";"118967";""
"RobertBiedron";"A oto graficzny zapis naszego spotkania na ASP na @WoodstockPoland ğŸ˜ #recordinggang https://t.co/FER1shcxyy";"Sun Aug 06 06:48:06 +0000 2017";"31";"219";"118967";"recordinggang"
"RobertBiedron";"- Woodstock to najpiÄ™kniejszy festiwal na Å›wiecie. â¤ï¸â¤ï¸â¤ï¸@WoodstockPoland @faktypofaktach @tvn24 https://t.co/G4a78I1m6a";"Sat Aug 05 21:51:10 +0000 2017";"39";"265";"118967";""
"RobertBiedron";"DziÄ™kujÄ™ @WoodstockPoland â¤ï¸ https://t.co/wER280oEDb";"Sat Aug 05 06:41:08 +0000 2017";"95";"1060";"118967";""
"RobertBiedron";"I znÃ³w mamy dowÃ³d na to, Å¼e polityka moÅ¼e byÄ‡ inna. Po prostu lepsza! âœŒï¸@rzeczpospolita https://t.co/rHQ9ulNkQm";"Thu Aug 03 10:54:39 +0000 2017";"36";"329";"118967";""
"RobertBiedron";"BÄ™dziecie? â¤ï¸ @WoodstockPoland https://t.co/IutKPEGRIH";"Thu Aug 03 08:59:43 +0000 2017";"21";"188";"118967";""
"RobertBiedron";"ZmarÅ‚a pisarka Wanda Chotomska, Honorowa Obywatelka SÅ‚upska. BÄ™dzie nam Pani bardzo brakowaÅ‚o, Pani Wando! https://t.co/rT4uXLjcOa";"Wed Aug 02 15:35:04 +0000 2017";"33";"150";"118967";""
"RobertBiedron";"Taka sytuacja. Albo przytyÅ‚em i jestem juÅ¼ wielki, albo napisali o mnie na Pudelku i jestem juÅ¼ sÅ‚awny. ğŸ¤”Jedno i drâ€¦ https://t.co/aIzwtvc1M1";"Mon Jul 31 17:20:58 +0000 2017";"18";"284";"118967";""
"RobertBiedron";"SÅ‚upsk w pierwszej dwudziestce miast tworzÄ…cych najlepsze warunki dla rozwoju kultury w Polsce. Brawo my! https://t.co/8bs9trL4kQ";"Mon Jul 31 09:11:09 +0000 2017";"35";"336";"118967";""
"RobertBiedron";"6. Nadmorski Plener Czytelniczy i kolejka po wpis do ksiÄ…Å¼ki. DaliÅ›cie mi mnÃ³stwo pozytywnej energii. Bardzo dziÄ™kuâ€¦ https://t.co/tcTYpJOUVQ";"Sat Jul 29 20:13:42 +0000 2017";"30";"274";"118967";""
"RobertBiedron";"Woodstockowy rozkÅ‚ad jazdy. Widzimy siÄ™ w piÄ…tek! @WoodstockPoland https://t.co/A0I5WWAYjP";"Fri Jul 28 22:01:22 +0000 2017";"41";"207";"118967";""
"RobertBiedron";"Dzisiaj wieczorem wyjÄ…tkowe wydarzenie z @KarolWojcicki ğŸŒŒ https://t.co/4zd2eHrh0u";"Fri Jul 28 17:44:00 +0000 2017";"3";"15";"118967";""
"RobertBiedron";"TrybunaÅ‚ Europejski zakazuje wycinki w BiaÅ‚owieÅ¼y! To Wy tego dokonaliÅ›cie siÅ‚Ä… obywatelskiego dziaÅ‚ania.â€¦ https://t.co/kOVx6QmOhC";"Fri Jul 28 16:53:46 +0000 2017";"53";"303";"118967";""
"RobertBiedron";"A jak tam Wasze wakacje? https://t.co/PpT2uLjfw7";"Thu Jul 27 18:34:35 +0000 2017";"5";"60";"118967";""
"RobertBiedron";"ğŸš„SÅ‚upska Izba Historii Kolei to prawdziwy skarbiec... ğŸ“¢ https://t.co/Mquy61FmcL";"Thu Jul 27 17:36:15 +0000 2017";"7";"138";"118967";""
"RobertBiedron";"36.379.000 zÅ‚ na wÄ™zeÅ‚ transportowy w SÅ‚upsku z UrzÄ™du MarszaÅ‚kowskiego. BÄ™dzie siÄ™ fajnie dziaÅ‚o! Brawo My!!!";"Thu Jul 27 11:49:40 +0000 2017";"10";"187";"118967";""
"RobertBiedron";"Idealny moment by wpaÅ›Ä‡ do nas na weekend! ğŸ–ğŸ³ğŸ· https://t.co/HK00EHsvJl";"Tue Jul 25 07:34:57 +0000 2017";"9";"108";"118967";""
"RobertBiedron";"Dzisiaj w SÅ‚upsku byÅ‚a z nami Henryka Krzywonos - legenda SolidarnoÅ›ci. Od takich ludzi, ""zwykÅ‚ych"" ludzi wszystkoâ€¦ https://t.co/XVVjq5kes3";"Mon Jul 24 21:28:45 +0000 2017";"50";"308";"118967";""
"RobertBiedron";"Przypominam, Å¼e to nie koniec naszej pracy. Demokracja jest jak kwiat, trzeba jÄ… kaÅ¼dego dnia pielÄ™gnowaÄ‡. Inaczej wiÄ™dnie jak widaÄ‡. âœŒï¸";"Mon Jul 24 09:03:49 +0000 2017";"140";"797";"118967";""
"RobertBiedron";"To zwyciÄ™stwo solidarnych Polek i PolakÃ³w! Brawo my! #PAD #wolnesÄ…dy";"Mon Jul 24 08:57:37 +0000 2017";"43";"413";"118967";"PAD:wolnesÄ…dy"
"RobertBiedron";"Z niedemokratycznÄ… wÅ‚adzÄ… moÅ¼na mÄ…drze wygraÄ‡. AngaÅ¼ujmy siÄ™, bÄ…dÅºmy solidarni, wspierajmy siÄ™! Polecam Kuronia! âœŒï¸ https://t.co/iFjeiXKrna";"Sat Jul 22 21:19:53 +0000 2017";"137";"509";"118967";""
"RobertBiedron";"CaÅ‚a nadzieja w spoÅ‚eczeÅ„stwie obywatelskim, w tym ludziach, ktÃ³rzy protestujÄ… pod sÄ…dami i Sejmem. https://t.co/mc92XQyyQH";"Thu Jul 20 20:31:56 +0000 2017";"60";"278";"118967";""
"RobertBiedron";"Takie cuda robimy w SÅ‚upsku. https://t.co/58xXRak5Aq";"Thu Jul 20 20:02:52 +0000 2017";"4";"30";"118967";""
"RobertBiedron";"""To moÅ¼e doprowadziÄ‡ do caÅ‚kowitej degrengolady prawnej"" https://t.co/ikVGioXCZ4";"Thu Jul 20 19:59:52 +0000 2017";"24";"90";"118967";""
"RobertBiedron";"MÃ³j komentarz do wizyty Donalda Trumpa w Polsce w greckiej prasie. Bierzcie i czytajcie po grecku. ğŸ˜https://t.co/hWlomi8BZN";"Thu Jul 20 06:33:16 +0000 2017";"5";"54";"118967";""
"RobertBiedron";"Kolejny, fajny niedÅºwiadek szczÄ™Å›cia zagoÅ›ci w naszym mieÅ›cie. https://t.co/xbUTdbkqkD";"Wed Jul 19 08:03:32 +0000 2017";"4";"51";"118967";""
"RobertBiedron";"CoÅ› pÄ™ka, coÅ› siÄ™ znÃ³w niszczy. Tylko Polski Å¼al. Czy takiej polityki chcemy? https://t.co/Mae92Gd5Vg";"Tue Jul 18 22:47:19 +0000 2017";"124";"546";"118967";""
"RobertBiedron";"Lekcja demokracji by Prezydent RP ğŸ¤” https://t.co/BJY1dyjJ76";"Tue Jul 18 06:24:16 +0000 2017";"33";"168";"118967";""
"RobertBiedron";"To byÅ‚o bardzo owocne spotkanie z paniÄ… komisarz @EBienkowskaEU . Taki mieliÅ›my dzisiaj dobry klimat w SÅ‚upsku! Dziâ€¦ https://t.co/8CVgKt0bqA";"Mon Jul 17 21:10:33 +0000 2017";"5";"116";"118967";""
"RobertBiedron";"SÅ‚upsk przeciwko zamachowi na demokracjÄ™. Jeszcze Polska nie zginÄ™Å‚a, kiedy my Å¼yjemy! âœŒï¸ğŸ‡µğŸ‡± https://t.co/IRCVnaKoDS";"Sun Jul 16 19:56:49 +0000 2017";"77";"430";"118967";""
"RobertBiedron";"Oto fragment projektu ustawy o SÄ…dzie NajwyÅ¼szym. BÄ™dziemy mieli teraz sÄ™dziÃ³w podlegÅ‚ych KaczyÅ„skiemu i Biblii. https://t.co/5elMSJgDIS";"Fri Jul 14 17:07:22 +0000 2017";"54";"126";"118967";""
"RobertBiedron";"Sprawdzone: RzÄ…d jest nagi. ğŸ¤¦ğŸ»â€â™‚ï¸ https://t.co/DCJtANKpUP";"Fri Jul 14 08:12:56 +0000 2017";"7";"44";"118967";""
"RobertBiedron";"Taka rzeczywistoÅ›Ä‡. ğŸ˜• https://t.co/Z1BRe0Z25v";"Thu Jul 13 18:17:04 +0000 2017";"34";"111";"118967";""
"RobertBiedron";"Podobno podobni. ğŸ¤— https://t.co/0Q3AgLJu0F";"Thu Jul 13 14:34:12 +0000 2017";"89";"702";"118967";""
"RobertBiedron";"OglÄ…damy siÄ™ dzisiaj o godz. 20 w @KropkaNadI w @tvn24. ğŸ–¥âœŒï¸ https://t.co/yfYsaEPVKq";"Wed Jul 12 12:53:58 +0000 2017";"17";"103";"118967";""
"RobertBiedron";"Kto mieczem wojuje od miecza ginie. ğŸ¤º https://t.co/Dt3SbNzxiJ";"Fri Jul 07 11:19:41 +0000 2017";"118";"462";"118967";""
"RobertBiedron";"UdostÄ™pniajcie! PomÃ³Å¼cie nam znaleÅºÄ‡ Bartka. https://t.co/RJgIVUbx5n";"Thu Jul 06 19:26:59 +0000 2017";"328";"90";"118967";""
"RobertBiedron";"Do zobaczenia w KoÅ‚obrzegu! NadjeÅ¼dÅ¼am! #kolobrzeg https://t.co/LbkyuHmDxn";"Thu Jul 06 11:18:00 +0000 2017";"5";"29";"118967";"kolobrzeg"
"RobertBiedron";"PolskağŸ‡µğŸ‡±... WÅ‚asny, ogrodzony od Å›wiata grajdoÅ‚ek... Duma... Wakacje... BÃ³g, Honor, Ojczyzna... Wakacje... ğŸ¹ https://t.co/3YzKQtn5GT";"Wed Jul 05 17:38:00 +0000 2017";"187";"738";"118967";""
"RobertBiedron";"BÄ™dzie nowy dom dla naszych maÅ‚ych przyjaciÃ³Å‚. ğŸ¶ğŸ¦‡ğŸˆ @slupskpl @RadioGdansk https://t.co/L8kjT344QG";"Tue Jul 04 17:00:05 +0000 2017";"6";"48";"118967";""
"RobertBiedron";"#MamySwojÄ…EnergiÄ™ PomoÅ¼ecie? @CzarniSlupsk https://t.co/pjxpMYtNI2";"Fri Jun 30 17:00:24 +0000 2017";"17";"95";"118967";"MamySwojÄ…EnergiÄ™"
"RobertBiedron";"Changement et espoir! Vive la Republique! ğŸ‡«ğŸ‡·âœŒï¸ https://t.co/kMRcyRKQHe";"Fri Jun 30 09:53:41 +0000 2017";"8";"76";"118967";""
"RobertBiedron";"Kolejny kraj za rÃ³wnoÅ›ciÄ…. Brawo!https://t.co/t92mcxRS6i";"Fri Jun 30 09:21:17 +0000 2017";"30";"234";"118967";""
"RobertBiedron";"Komisja Monitoringowa @COECongress sprawdzi sytuacjÄ™ dot. prÃ³b ograniczania funkcjonowania samorzÄ…dÃ³w w Polsce. @coe https://t.co/ffjFkZMD7I";"Tue Jun 27 08:02:20 +0000 2017";"4";"26";"118967";""
"RobertBiedron";"UchodÅºcy (1931). Tylko kto z prawdziwych patriotÃ³w zna TamarÄ™ ÅempickÄ…? ğŸ–¼ https://t.co/UnDi28N7f5";"Mon Jun 26 07:56:46 +0000 2017";"27";"128";"118967";""
"RobertBiedron";"Åšluby, ach te Å›luby... ğŸ’‘  A jak Wy spÄ™dzacie weekend? https://t.co/jv7QYxMqFs";"Sun Jun 25 06:53:14 +0000 2017";"29";"520";"118967";""
"RobertBiedron";"I ty moÅ¼esz byÄ‡ uchodÅºcÄ…. ğŸ‘¥#Å›wiatowydzieÅ„uchodÅºcy foto: Time Magazine https://t.co/1zgEcQpnVG";"Tue Jun 20 05:57:42 +0000 2017";"28";"90";"118967";"Å›wiatowydzieÅ„uchodÅºcy"
"RobertBiedron";"SÅ‚upsk na Polish Tech Day 2017. Innovative cities are diverse and open cities. ğŸ‘ #PolishTechDay https://t.co/udk6zt1PMu";"Fri Jun 16 17:44:41 +0000 2017";"6";"47";"118967";"PolishTechDay"
"RobertBiedron";"Mamy wiele piÄ™knych symboli solidarnoÅ›ci z innymi w naszym kraju. Warto o tym mÃ³wiÄ‡. âœŒï¸@faktypofaktach @tvn24 https://t.co/FWB4BMb7P4";"Wed Jun 14 18:35:49 +0000 2017";"23";"166";"118967";""
"RobertBiedron";"Ponad 77% mieszkaÅ„cÃ³w Tczewa przeciwko wpuszczaniu cyrkÃ³w do miasta. Jestem taki dumny!!! https://t.co/PgdusRbzf3";"Wed Jun 14 15:51:44 +0000 2017";"10";"116";"118967";""
"RobertBiedron";"GdaÅ„sk ma lwy, WrocÅ‚aw krasnale, a SÅ‚upsk bursztynowego niedÅºwiadka. RuszajÄ… wÅ‚aÅ›nie w podrÃ³Å¼! Podziwiajcie! https://t.co/dBeMj3qlRg";"Mon Jun 12 14:55:03 +0000 2017";"5";"44";"118967";""
"RobertBiedron";"'ZÅ‚o dobrem zwyciÄ™Å¼aj. MiÅ‚oÅ›ciÄ… zawstydzaj nienawiÅ›Ä‡'. âœŒï¸ https://t.co/PoREV1OqRb";"Sun Jun 11 20:12:38 +0000 2017";"142";"760";"118967";""
"RobertBiedron";"SolidarnoÅ›Ä‡ naszÄ… siÅ‚Ä…. âœŒï¸ğŸŒ²ğŸŒ³ #obroncypuszczy @Greenpeace_PL @Greenpeace https://t.co/gN2QIruvJ9";"Fri Jun 09 15:59:26 +0000 2017";"121";"597";"118967";"obroncypuszczy"
"RobertBiedron";"'MisiewiczÃ³w' ci u nas dostatek... ğŸ¤¦ğŸ»â€â™‚ï¸ https://t.co/AoDssnoS31";"Wed Jun 07 05:45:05 +0000 2017";"11";"52";"118967";""
"RobertBiedron";"Jutro nowy prezydent SÅ‚upska. LiczÄ™ na dobrÄ… wspÃ³Å‚pracÄ™ i Å¼yczÄ™ powodzenia! ğŸ¤´ğŸ»https://t.co/3S11MTxBYU";"Wed May 31 18:40:05 +0000 2017";"12";"92";"118967";""
"RobertBiedron";"Merci â¤ï¸ https://t.co/dnfsp82ODD";"Mon May 29 19:14:25 +0000 2017";"6";"27";"118967";""
"RobertBiedron";"Åšluby, Å›luby... ğŸ”¥ https://t.co/3NYbEkZK4b";"Sat May 27 13:00:52 +0000 2017";"23";"278";"118967";""
"RobertBiedron";"Jest taki typ miÅ‚oÅ›ci ktÃ³ry trwa wiecznie. Kocham CiÄ™ Mamo i wszystkie Mamy na Å›wiecie! â¤ï¸ https://t.co/qXDhhFWRcM";"Fri May 26 07:50:50 +0000 2017";"15";"333";"118967";""
"RobertBiedron";"Mistrzostwa Polski Kadetek w PiÅ‚ce Siatkowej rozpoczÄ™te w SÅ‚upsku. Dziewczyny dajÄ… radÄ™! ğŸ https://t.co/qrFi6J77uy";"Wed May 24 14:18:12 +0000 2017";"4";"79";"118967";""
"RobertBiedron";"ğŸŒœNoc w ratuszu jak zwykle przyciÄ…ga tÅ‚umy mieszkaÅ„cÃ³w i turystÃ³w. Jest magicznie! ğŸŒ›@slupskpl https://t.co/8hNZ8F3c0X";"Sat May 20 21:10:14 +0000 2017";"4";"65";"118967";""
"RobertBiedron";"Po wykoÅ„czeniu konkurencji wokalnej mamy murowanego kandydata do wystÄ™pu na tegorocznym festiwalu w Opolu. ğŸ‘ https://t.co/ComWScIL4u";"Sat May 20 16:55:26 +0000 2017";"48";"310";"118967";""
"RobertBiedron";"Zawsze lepiej Å‚Ä…czyÄ‡ niÅ¼ dzieliÄ‡! ğŸ¤ @partiarazem @sldpoland @inicjatywaPL https://t.co/W8kHNUFJI8";"Wed May 17 21:42:24 +0000 2017";"11";"63";"118967";""
"RobertBiedron";"Jak @EECKatowice potraktowaÅ‚ sprawÄ™ (maÅ‚ej) obecnoÅ›ci kobiet na kongresie? PowaÅ¼nie, bez obraÅ¼ania siÄ™, z chÄ™ciÄ… zmiany. Brawo! #EKG2017";"Wed May 17 21:26:23 +0000 2017";"3";"36";"118967";"EKG2017"
"RobertBiedron";"Brawo My! @EnergaCzarni w pÃ³Å‚finale! #plkpl https://t.co/PcLrHdU8cn";"Sun May 14 17:44:23 +0000 2017";"6";"82";"118967";"plkpl"
"RobertBiedron";"Jak CiÄ™ widzÄ…, tak CiÄ™ rysujÄ…... ğŸ· https://t.co/vhnjTUM2md";"Sun May 14 16:59:31 +0000 2017";"33";"288";"118967";""
"RobertBiedron";"OglÄ…dacie EurowizjÄ™? ğŸ‡ªğŸ‡ºDziÅ› Wielki FinaÅ‚ w Kijowie! PolskÄ™ reprezentuje Kasia MoÅ›. ğŸ’˜Kto moÅ¼e poza krajem niech gÅ‚oâ€¦ https://t.co/AvetNgEWzl";"Sat May 13 10:27:35 +0000 2017";"12";"60";"118967";""
"RobertBiedron";"Do zobaczenia w @KropkaNadI w @tvn24. Dzisiaj o godz. 20 zaprasza Monika Olejnik!";"Tue May 02 13:51:20 +0000 2017";"5";"62";"118967";""
"RobertBiedron";"Do zobaczenia dzisiaj u @PiotrWitwicki w PopoÅ‚udniowym Graffiti. Zapraszam o 17:30 w Polsat News!";"Tue May 02 11:27:25 +0000 2017";"1";"23";"118967";""
"RobertBiedron";"Fritz Kahn ""CzÅ‚owiek jako paÅ‚ac przemysÅ‚u"" (1926 r.). Pora doceniÄ‡ czÅ‚owieka i jego pracÄ™. Nie tylko z okazji 1 majâ€¦ https://t.co/UOKk62he2u";"Mon May 01 07:09:23 +0000 2017";"7";"40";"118967";""
"RobertBiedron";"Wiktorze, Profesorze, tak bardzo bÄ™dzie Ciebie brakowaÅ‚o... https://t.co/r8Mw4aJy0n";"Sat Apr 29 21:04:45 +0000 2017";"20";"80";"118967";""
"RobertBiedron";"W dzisiejszej Gazecie Wyborczej... ğŸ™ŒğŸ¿ @gazeta_wyborcza https://t.co/VWlpEsI9bq";"Sat Apr 29 07:20:23 +0000 2017";"14";"151";"118967";""
"RobertBiedron";"Fantastyczne spotkanie. Social Media Convent w GdaÅ„sku! ğŸ”¥ #smconvent @SMConvent @gdansk https://t.co/cKma8759Gh";"Thu Apr 27 20:32:05 +0000 2017";"12";"100";"118967";"smconvent"
"RobertBiedron";"SÅ‚upsk przyjÄ…Å‚ apel do rzÄ…dzÄ…cych w sprawie obrony samorzÄ…dnoÅ›ci. Razem obronimy nasze maÅ‚e ojczyzny!";"Wed Apr 26 07:40:25 +0000 2017";"10";"84";"118967";""
"RobertBiedron";"Fajnie jest oszczÄ™dzaÄ‡! ğŸ¤‘@slupskpl https://t.co/UNIEp1asTa";"Sun Apr 23 09:24:44 +0000 2017";"17";"77";"118967";""
"RobertBiedron";"Komiksy teÅ¼ lubiÄ™, ale teraz czytam fenomenalnÄ… ksiÄ…Å¼kÄ™ o historii maÅ‚ych krajÃ³w europejskich. A Wy? ğŸ“• https://t.co/msmw4l2iTB";"Sat Apr 22 16:33:38 +0000 2017";"18";"154";"118967";""
"RobertBiedron";"Kolejny, dobry przewodnik po naszym mieÅ›cie i regionie. Wpadajcie! ğŸ–@slupskpl @LOTUstka https://t.co/nCIxyL8Z7Z";"Thu Apr 20 21:36:05 +0000 2017";"1";"46";"118967";""
"RobertBiedron";"Dobre na Å›wiÄ…tecznÄ… refleksjÄ™. ğŸ£ #polskahipokryzja https://t.co/cMWO0CiwRR";"Mon Apr 17 10:10:56 +0000 2017";"15";"69";"118967";"polskahipokryzja"
"RobertBiedron";"RzÄ…dzÄ…cy muszÄ… szybko nadrobiÄ‡ zaniedbanie... ğŸ™ https://t.co/Ov6A9EokfK";"Sun Apr 16 15:12:36 +0000 2017";"7";"68";"118967";""
"RobertBiedron";"SzukajÄ…c Å›wiÄ…t w romantycznym Stambule... ğŸ‘ P.S. DziÄ™kujÄ™ za urodzinowe Å¼yczenia. Kochani jesteÅ›cie!!! ğŸ˜˜https://t.co/flfEqLpSsH";"Sat Apr 15 14:25:09 +0000 2017";"20";"284";"118967";""
"RobertBiedron";"Gdy u nas Å›wiÄ…teczny nastrÃ³j, gdzieÅ› tam caÅ‚kiem niedaleko... https://t.co/iRzhTzcXWO";"Fri Apr 14 07:51:12 +0000 2017";"18";"47";"118967";""
"RobertBiedron";"Minister bez (ap)teki. ğŸ˜  #Misiewicz by Henryk Sawka https://t.co/ZbAkxcWipv";"Thu Apr 13 21:18:43 +0000 2017";"7";"64";"118967";"Misiewicz"
"RobertBiedron";"Zazdro. ğŸ‘ğŸ‘ğŸ‘ https://t.co/QIdozQmeiW";"Wed Apr 12 09:14:09 +0000 2017";"5";"71";"118967";""
"RobertBiedron";"Taka sytuacja. #facepalm ğŸ™€https://t.co/tRxQ4jaf36 @WBialystok @wyborcza_bstok @TTruskolaski";"Mon Apr 10 18:37:03 +0000 2017";"5";"16";"118967";"facepalm"
"RobertBiedron";"- BÄ™dÄ™ tam koniem trojaÅ„skim. I rozsadzÄ™ partiÄ™ PiS od Å›rodka. ğŸ’¥ https://t.co/CX06NeUzBF";"Mon Apr 10 09:27:22 +0000 2017";"7";"54";"118967";""
"RobertBiedron";"Tyle mÄ…droÅ›ci i inspiracji... Kobiety pokazujÄ…, Å¼e polityka moÅ¼e byÄ‡ inna. Lepsza. Brawo Beata! â¤https://t.co/vccBpjk2x6";"Sun Apr 09 09:13:59 +0000 2017";"15";"77";"118967";""
"RobertBiedron";"Ta czarna piÄ™knoÅ›Ä‡ przyjechaÅ‚a z Tanzanii, gdzie PaÅ„stwo Magierowie znaleÅºli jÄ… u MasajÃ³w. Cudna Madonna do mojej kâ€¦ https://t.co/PmHHlmpyen";"Sat Apr 08 11:42:22 +0000 2017";"5";"123";"118967";""
"RobertBiedron";"Tak gÅ‚osowaÅ‚oby Pomorze: https://t.co/wzb4Aogv4D";"Sat Apr 08 11:19:04 +0000 2017";"68";"369";"118967";""
"RobertBiedron";"Niebawem otwieramy spoczywisko dla zwierzÄ…t. 'Dolina PupilkÃ³w' prawie gotowa! ğŸ¶ https://t.co/nmYbOxwMVI";"Thu Apr 06 18:16:35 +0000 2017";"20";"144";"118967";""
"RobertBiedron";"PiS - czyli PoznaÅ„ i Slupsk. Podoba mi siÄ™ taki PiS! ğŸ‘» https://t.co/uuLsAHMuRw";"Thu Apr 06 12:10:25 +0000 2017";"17";"109";"118967";""
"RobertBiedron";"Scenariusze mogÄ… byÄ‡ rÃ³Å¼ne. ğŸ˜‰ https://t.co/3tQ0haDOhA";"Tue Apr 04 18:21:00 +0000 2017";"7";"77";"118967";""
"RobertBiedron";"Dlatego potrzebne jest dobre prawo, ktÃ³re zakaÅ¼e barbarzyÅ„stwa. Tylko czy ten parlament jest do tego zdolny? https://t.co/1LQqQ1uE2y";"Mon Apr 03 07:12:03 +0000 2017";"4";"42";"118967";""
"RobertBiedron";"Cudownie Was byÅ‚o spotkaÄ‡ w BiaÅ‚ymstoku! â¤ @TTruskolaski @WBialystok @mkochanowski2 https://t.co/gdO9s9hg3Y";"Sun Apr 02 10:19:24 +0000 2017";"5";"44";"118967";""
"RobertBiedron";"WAÅ»NE OÅšWIADCZENIE: PoniewaÅ¼ namawiacie mnie, Å¼ebym siÄ™ zaangaÅ¼owaÅ‚ i wrÃ³ciÅ‚ do polityki ogÃ³lnopolskiej podjÄ…Å‚em... https://t.co/nBAYo1KP1W";"Sat Apr 01 07:18:35 +0000 2017";"33";"192";"118967";""
"RobertBiedron";"A wÅ›rÃ³d nich Polska oczywiÅ›cie ğŸ‘ğŸ˜¦ https://t.co/CpaIA0TjUO";"Fri Mar 31 21:43:25 +0000 2017";"3";"17";"118967";""
"RobertBiedron";"Po atakach na Uniwersytet Åšrodkowoeuropejski zaprosiÅ‚em dzisiaj tÄ™ prestiÅ¼owÄ… uczelniÄ™ do rozwaÅ¼enia przenosin do Sâ€¦ https://t.co/XSJLxJCBcd";"Fri Mar 31 14:01:25 +0000 2017";"65";"295";"118967";""
"RobertBiedron";"CzytaliÅ›cie najnowszy Kwartalnik PrzekrÃ³j? W numerze wywiad ze mnÄ…, uwaga! - o mÄ™skoÅ›ci! https://t.co/OS1M8SMvA1";"Thu Mar 30 10:19:57 +0000 2017";"6";"84";"118967";""
"RobertBiedron";"Reprezentacja polskiego samorzÄ…du do @COECongress Sporo mÃ³wi siÄ™ o sytuacji w Polsce. Niestety, niezbyt dobrze. @coe https://t.co/e0CEkg30MM";"Wed Mar 29 18:26:54 +0000 2017";"12";"61";"118967";""
"RobertBiedron";"To nie prima aprilis - w sobotÄ™ widzimy siÄ™ w BiaÅ‚ymstoku. ğŸ’¥ğŸ‘‹ #biaÅ‚ystok @WBialystok @TTruskolaski https://t.co/IhiFK6BFcU";"Tue Mar 28 08:17:20 +0000 2017";"6";"30";"118967";"biaÅ‚ystok"
"RobertBiedron";"Udzielanie Å›lubÃ³w to jeden z najpiÄ™kniejszych obowiÄ…zkÃ³w prezydenta. â¤â¤â¤ https://t.co/KxrQWM5REh";"Mon Mar 27 12:22:02 +0000 2017";"11";"231";"118967";""
"RobertBiedron";"Teoretycznie. Tylko teoretycznie. ;)https://t.co/O0C8qRXhQO";"Sun Mar 26 08:48:19 +0000 2017";"10";"75";"118967";""
"RobertBiedron";"#KochamCieEuropo https://t.co/DjrW8L1wHk";"Sat Mar 25 15:38:36 +0000 2017";"34";"225";"118967";"KochamCieEuropo"
"RobertBiedron";"Szukamy pediatry. Zapraszamy do SÅ‚upska! https://t.co/CF0JyqtfpI";"Thu Mar 23 09:11:36 +0000 2017";"12";"20";"118967";""
"RobertBiedron";"W sÅ‚upskim 'Drzewniaku' powstaÅ‚a najwiÄ™ksza mapa polityczna w Polsce. PobiliÅ›my rekord kraju! ğŸ—ºğŸ‘¨â€ğŸ« DziÄ™kujemy... https://t.co/4Vw27gZo6v";"Tue Mar 21 11:40:02 +0000 2017";"3";"23";"118967";""
"RobertBiedron";"MoÅ¼na i tak myÅ›leÄ‡ o mieÅ›cie... ğŸ˜³ https://t.co/VXOoa5158l";"Mon Mar 20 16:00:19 +0000 2017";"3";"16";"118967";""
"RobertBiedron";"Rozpoczynamy TydzieÅ„ Wody w SÅ‚upsku. I zachÄ™camy np. do picia wody z kranu! ğŸŒğŸ’§ https://t.co/refeLKP8Ce";"Mon Mar 20 09:05:50 +0000 2017";"5";"59";"118967";""
"RobertBiedron";"Czy to egzamin przed bierzmowaniem? Obawiam siÄ™, Å¼e Karty Polaka bym nie otrzymaÅ‚. A Wy? ğŸ˜¾ https://t.co/ymNOhA3sqI";"Sat Mar 18 08:15:11 +0000 2017";"336";"605";"118967";""
"RobertBiedron";"Mamy tylko jedno Å¼ycie. Warto byÄ‡ sobÄ… i przeÅ¼yÄ‡ je godnie. Nawet czasami idÄ…c pod prÄ…d. ğŸ’ª https://t.co/MXe5xU4jKw";"Fri Mar 17 10:34:31 +0000 2017";"32";"227";"118967";""
"RobertBiedron";"TÅ‚umy samorzÄ…dowcÃ³w przeciw zamachowi na demokracjÄ™ lokalnÄ… przez PiS. To czas prÃ³by. SolidarnoÅ›Ä‡ naszÄ… siÅ‚Ä…! https://t.co/jjxoj7Xn24";"Thu Mar 16 11:53:46 +0000 2017";"29";"152";"118967";""
"RobertBiedron";"RozÅ›wietlamy Slupsk z IKEÄ„. ğŸ’¡ğŸ’¡ğŸ’¡ https://t.co/1utB9DIb66";"Thu Mar 16 07:35:43 +0000 2017";"8";"64";"118967";""
"RobertBiedron";"Warto! by Marta Frej https://t.co/ZW6wGIIJSS";"Wed Mar 15 18:21:31 +0000 2017";"2";"14";"118967";""
"RobertBiedron";"To dla nas, samorzÄ…dowcÃ³w, czas prÃ³by. Musimy obroniÄ‡ nasze maÅ‚e ojczyzny. Brawo Panie MarszaÅ‚ku!https://t.co/oXUZmUQDEj";"Mon Mar 13 10:52:02 +0000 2017";"13";"49";"118967";""
"RobertBiedron";"Macie Instagram? JeÅ›li tak, to zapraszam na mÃ³j profil. ğŸ’¥ğŸ“² https://t.co/Ez7AuSPuIS";"Sun Mar 12 19:15:22 +0000 2017";"8";"98";"118967";""
"RobertBiedron";"A mury runÄ…, runÄ…, runÄ…... âœŒï¸@PresidentWalesa https://t.co/r17ibN35qW";"Sat Mar 11 14:34:13 +0000 2017";"113";"772";"118967";""
"RobertBiedron";"Alternative reality by (PiS) TV. https://t.co/NMk9p8kMda";"Sat Mar 11 07:24:37 +0000 2017";"41";"121";"118967";""
"RobertBiedron";"When they go low, we go high! https://t.co/ozvTJiGupk";"Thu Mar 09 21:18:39 +0000 2017";"15";"109";"118967";""
"RobertBiedron";"ğŸ“º pytanie za milion? ğŸ¤” WOÅšP https://t.co/UNNVBplenk";"Wed Mar 08 20:45:00 +0000 2017";"1";"34";"118967";""
"RobertBiedron";"W dzisiejszej Kropka nad i goÅ›ciem bÄ™dzie Anja Rubik oraz Robert BiedroÅ„. Start godz. 20.00 w TVN24. https://t.co/hCcfCdVrKs";"Wed Mar 08 16:19:06 +0000 2017";"11";"71";"118967";""
"RobertBiedron";"SolidarnoÅ›Ä‡ jest kobietÄ…! Niech to Å›wiÄ™to nie bÄ™dzie fikcjÄ…. Go girls! https://t.co/abrsqyeWRu";"Wed Mar 08 07:37:42 +0000 2017";"76";"433";"118967";""
"RobertBiedron";"Jurek i jego ekipa to jedna z najpiÄ™kniejszych spraw jakie przytrafiÅ‚y siÄ™ Polsce. ğŸ‘ğŸ‘ğŸ‘ https://t.co/Z9Wy0Avxre";"Tue Mar 07 17:47:05 +0000 2017";"55";"395";"118967";""
"RobertBiedron";"Åšwietne spotkanie z wiceministrem spraw zagranicznych Niemiec, Michaelem Rothem. ğŸ‘ğŸ‡©ğŸ‡ªğŸ‡µğŸ‡±ğŸ‡ªğŸ‡º https://t.co/zrfHH6ulfQ";"Mon Mar 06 22:29:52 +0000 2017";"6";"93";"118967";""
"RobertBiedron";"Podryw na konstytucjÄ™? ğŸ‘¬ğŸ‘¨â€â¤ï¸â€ğŸ’‹â€ğŸ‘¨ğŸ˜˜ by Marta Frej https://t.co/qiutdb86aZ";"Sun Mar 05 11:10:03 +0000 2017";"4";"62";"118967";""
"RobertBiedron";"ğŸŒ²RozpoczÄ™liÅ›my akcjÄ™ sadzenia drzew w SÅ‚upsku. W sumie posadzimy ponad 591 nowych drzew. Gdy oni wycinajÄ…, my sadziâ€¦ https://t.co/jWrXBLyfuS";"Fri Mar 03 22:10:37 +0000 2017";"46";"332";"118967";""
"RobertBiedron";"RzÄ…d PiS wycofuje siÄ™ z realizacji najwaÅ¼niejszej inwestycji drogowej na Pomorzu - budowy drogi S6. Protestujemy! Dâ€¦ https://t.co/FrxFpukt0T";"Thu Mar 02 13:23:47 +0000 2017";"22";"109";"118967";""
"RobertBiedron";"Walczymy o drogÄ™ S6! https://t.co/xdM3NTqZoQ";"Thu Mar 02 09:58:09 +0000 2017";"7";"39";"118967";""
"RobertBiedron";"Ta fejkowa 'sensacja' Å¼yÅ‚a przez kilka dni. Ciekawy opis, jak w czasach postprawdy robi siÄ™ faÅ‚szywe wiadomoÅ›ci. https://t.co/90X1ZHe6Ms";"Wed Mar 01 12:54:20 +0000 2017";"16";"73";"118967";""
"RobertBiedron";"ğŸŒ³ Gdy oni wycinajÄ… drzewa, my je sadzimy. Takiej akcji jeszcze nie byÅ‚o! P.S. Å»eby nie byÅ‚o - drzewa z szyszkami teâ€¦ https://t.co/3BxB5rX1OR";"Wed Mar 01 10:53:14 +0000 2017";"109";"377";"118967";""
"RobertBiedron";"Fantastyczne spotkanie o Polsce, Pomorzu i Bytowie w Bytowie wÅ‚aÅ›nie. Jest moc! ğŸ‘â¤ https://t.co/fLxOf2CnmM";"Tue Feb 28 21:56:37 +0000 2017";"2";"48";"118967";""
"RobertBiedron";"Pewnie tak jak wielu z Was, kocham Maria Peszek! https://t.co/4Iqci2Wp9O";"Tue Feb 28 08:22:37 +0000 2017";"4";"63";"118967";""
"RobertBiedron";"ğŸ‘® DoigraÅ‚em siÄ™! ğŸ‘®â€â™€ï¸ https://t.co/AnKjnVFwJv";"Mon Feb 27 19:24:59 +0000 2017";"12";"89";"118967";""
"RobertBiedron";"Im bardziej chcÄ… nas zastraszyÄ‡, tym wiÄ™ksza nasza duma i determinacja! JesteÅ›my narodowcami! ğŸŒˆâ¤ https://t.co/TZWqCv2shL";"Sun Feb 26 17:45:22 +0000 2017";"9";"143";"118967";""
"RobertBiedron";"Z @AGozdyra nadal w @PolsatNews @SKANDALISCI_PN. OglÄ…dacie? https://t.co/IXMuByuE9w";"Sat Feb 25 19:43:04 +0000 2017";"5";"76";"118967";""
"RobertBiedron";"A dzisiaj wieczorem... https://t.co/KGkcqx4vPo";"Sat Feb 25 17:27:21 +0000 2017";"3";"30";"118967";""
"RobertBiedron";"Widzimy siÄ™ dzisiaj w Fakty po Faktach. ğŸ‘‹ https://t.co/d54ESzAkZH";"Fri Feb 24 17:04:59 +0000 2017";"7";"67";"118967";""
"RobertBiedron";"Mam dzisiaj tak samo... A Wy? ğŸ©ğŸ‘ˆğŸ™„ https://t.co/0ukR5Ik3ot";"Fri Feb 24 10:07:02 +0000 2017";"3";"10";"118967";""
"RobertBiedron";"ğŸ’60 urodziny Polityka w studio Radio TOK FM, a tam red. Jackiem Å»akowskim. Najlepszego Polityko! â¤ https://t.co/ssT3a3zelX";"Fri Feb 24 06:57:01 +0000 2017";"5";"42";"118967";""
"RobertBiedron";"JuÅ¼ za moment widzimy siÄ™ w @TelewizjaWP ğŸ™€@KBiedrzycka https://t.co/fGL1kGDFXI";"Thu Feb 23 07:55:46 +0000 2017";"5";"42";"118967";""
"RobertBiedron";"Jutro w #OnetRANO ğŸ¤³ğŸ¼ Program jak i samochÃ³d poprowadzi @bweglarczyk #JUTRO 7:55 â˜ï¸ https://t.co/zxKm8A20iG";"Wed Feb 22 16:17:00 +0000 2017";"2";"18";"118967";"OnetRANO:JUTRO"
"RobertBiedron";"Patriotycznie i narodowo czcimy pamiÄ…tki naszej przeszÅ‚oÅ›ci. PamiÄ™tamy! https://t.co/h5yjnVci8p";"Wed Feb 22 15:07:40 +0000 2017";"1";"20";"118967";""
"RobertBiedron";"To byÅ‚a niesamowita kolacja. ğŸ¥—Sara wygraÅ‚a licytacjÄ™ na rzecz WOÅšP w postaci kolacji ze mnÄ… w restauracji Dym Na... https://t.co/sbxNnVV4VE";"Tue Feb 21 21:23:17 +0000 2017";"9";"94";"118967";""
"RobertBiedron";"Dobra zmiana! Radio Gdansk ma swoje studio w SÅ‚upsku! Do usÅ‚yszenia! ğŸ‘ https://t.co/ktFJVbSAT4";"Mon Feb 20 09:06:06 +0000 2017";"1";"18";"118967";""
"RobertBiedron";"Niestety... ğŸŒ²ğŸŒ¿ğŸƒğŸŒ´ğŸŒ³ğŸŒ https://t.co/7qVvPeOhoq";"Sun Feb 19 20:26:24 +0000 2017";"4";"28";"118967";""
"RobertBiedron";"Nasze sÅ‚upskie lodowisko teraz takÅ¼e dla osÃ³b poruszajÄ…cych siÄ™ na wÃ³zkach! DziÄ™kujemy Biedronka!  â˜ƒï¸â›¸â„ï¸ https://t.co/sPBS0Qxw1P";"Sun Feb 19 09:48:38 +0000 2017";"12";"88";"118967";""
"RobertBiedron";"BÄ™dÄ™ musiaÅ‚ poprosiÄ‡ o audiencjÄ™ u Pana Ministra Misiewicza.... ğŸ¤” https://t.co/n9m9TfuJ84";"Fri Feb 17 15:37:30 +0000 2017";"5";"51";"118967";""
"RobertBiedron";"Å»egnaj zimo! â„ï¸â„ï¸â„ï¸ https://t.co/Xjqo4OZeYy";"Thu Feb 16 11:51:39 +0000 2017";"1";"91";"118967";""
"RobertBiedron";"Lucek Sikorski to kolejny nowy mieszkaniec naszego grodu nad SÅ‚upiÄ…. Witamy! ğŸ‘ https://t.co/EkR1b14mEe";"Thu Feb 16 09:19:04 +0000 2017";"2";"25";"118967";""
"RobertBiedron";"Chyba lubicie czytaÄ‡! â¤ğŸ““ğŸ‘ https://t.co/SYKEmmjjki";"Sun Feb 12 20:01:37 +0000 2017";"2";"32";"118967";""
"RobertBiedron";"SÅ‚upsk+Ustka=Dwumiasto â›µï¸ https://t.co/QmP2DwVrHu";"Sun Feb 12 10:02:50 +0000 2017";"3";"40";"118967";""
"RobertBiedron";"Powodzenia! ğŸ‘ˆ https://t.co/VDyMPyhjWR";"Fri Feb 10 23:49:47 +0000 2017";"3";"16";"118967";""
"RobertBiedron";"Do koÅ„ca roku bÄ™dziemy mieli cztery takie Zielone Punkty na terenie SÅ‚upska. Edukacja ekologiczna wkracza takÅ¼e... https://t.co/Hk0G4YNLke";"Fri Feb 10 11:56:23 +0000 2017";"3";"25";"118967";""
"RobertBiedron";"DostaÅ‚em podziÄ™kowanie z Watykanu, Å¼e Å‚adnie mÃ³wiÄ™ i piszÄ™ o papieÅ¼u Franciszku. ğŸ•ŠğŸ‡»ğŸ‡¦ https://t.co/iVtDXJk9bc";"Thu Feb 09 17:41:53 +0000 2017";"36";"304";"118967";""
"RobertBiedron";"A jak jest u Was? ğŸš²ğŸš— ğŸš¶ https://t.co/TYc8EXQFJI";"Wed Feb 08 12:32:45 +0000 2017";"2";"11";"118967";""
"RobertBiedron";"Dzisiaj w SÅ‚upsku otworzyliÅ›my z ambasadorem Kanady @SdB_dip wystawÄ™ 'Destination Canada' przy wsparciu Air Canada.â€¦ https://t.co/6S8nfuzLKj";"Tue Feb 07 17:04:06 +0000 2017";"20";"85";"118967";""
"RobertBiedron";"Znajdzie siÄ™...?!   Andrzej Rysuje https://t.co/wE6tTGUpoM";"Tue Feb 07 07:00:12 +0000 2017";"2";"6";"118967";""
"RobertBiedron";"Kolejna fajna sprawa! https://t.co/sBL28TESNl";"Sat Feb 04 20:31:41 +0000 2017";"2";"16";"118967";""
"RobertBiedron";"To wszystko dziÄ™ki Wam! â¤â¤â¤ https://t.co/1IZzW8YPZN";"Fri Feb 03 12:10:42 +0000 2017";"2";"39";"118967";""
"RobertBiedron";"Tak koÅ„czÄ… Ci, ktÃ³rzy polujÄ…. ğŸ¾ Andrzej Rysuje https://t.co/rJr7DOEenQ";"Tue Jan 31 06:49:13 +0000 2017";"5";"57";"118967";""
"RobertBiedron";"Nagroda za dziaÅ‚alnoÅ›Ä‡ na rzecz zwierzÄ…t. DziÄ™kujÄ™ Fundacja Centaurus! ğŸğŸ‘ https://t.co/eUIVuc28lu";"Mon Jan 30 09:48:20 +0000 2017";"5";"89";"118967";""
"RobertBiedron";"Brawo! ğŸ‘ğŸ‘ğŸ‘ https://t.co/dqTHWa3u7h";"Fri Jan 27 17:26:05 +0000 2017";"2";"17";"118967";""
"RobertBiedron";"A Wy prÃ³bowaliÅ›cie? https://t.co/BTlnMXmukR";"Wed Jan 25 17:25:55 +0000 2017";"2";"3";"118967";""
"RobertBiedron";"Mi estas tre fiera! https://t.co/Cxxft3Ack2";"Wed Jan 25 10:09:44 +0000 2017";"1";"7";"118967";""
"RobertBiedron";"Rok 2017 bÄ™dzie w SÅ‚upsku rokiem Ludwika Zamenhofa, wielkiego Polaka, twÃ³rcy jÄ™zyka esperanto. Brawo Radni! Mi estas tre fiera!";"Wed Jan 25 08:50:00 +0000 2017";"38";"263";"118967";""
"RobertBiedron";"Warto poÅ›wiÄ™ciÄ‡ chwilkÄ™ na refleksjÄ™ w tym temacie: https://t.co/ViT29Qihmr";"Wed Jan 25 07:39:32 +0000 2017";"2";"10";"118967";""
"RobertBiedron";"To niestety juÅ¼ ostatnie spotkanie w serii moich spotkaÅ„ autorskich. Bydgoszcz - nadchodzÄ™ w sobotÄ™! https://t.co/8TCZy53CGe";"Tue Jan 24 09:28:42 +0000 2017";"5";"28";"118967";""
"RobertBiedron";"Fajnie mieÄ‡ takiego sÄ…siada soÅ‚tysa! https://t.co/fTkYFSoYFc";"Sat Jan 21 12:00:06 +0000 2017";"6";"58";"118967";""
"RobertBiedron";"America... What have you done? :( #Inauguration #facepalm https://t.co/FnGbzPhxmM";"Fri Jan 20 17:16:45 +0000 2017";"17";"105";"118967";"Inauguration:facepalm"
"RobertBiedron";"I miÄ™dzy innymi dlatego tak lubiÄ™ tego goÅ›cia. ğŸ•Š https://t.co/OV05X2VYUH";"Thu Jan 19 15:06:36 +0000 2017";"2";"33";"118967";""
"RobertBiedron";"Znalezione. Aktualne. https://t.co/6JjjqLJXyL";"Thu Jan 19 10:54:27 +0000 2017";"1";"6";"118967";""
"RobertBiedron";"To bÄ™dzie raczej dobry, chiÅ„ski rok dla mnie... A jak u Was? ğŸ Happy Rooster Year! ğŸ‰ https://t.co/oqHwRdaWUJ";"Wed Jan 18 07:01:44 +0000 2017";"2";"48";"118967";""
"RobertBiedron";"BiedroÅ„ w Biedronce? Tak! Zapraszam do sklepÃ³w! ğŸ https://t.co/QYxs3XznWr";"Mon Jan 16 15:16:07 +0000 2017";"12";"120";"118967";""
"RobertBiedron";"Wielka Orkiestra Jurka Owsiaka gra rÃ³wnieÅ¼ w Singapurze. Do koÅ„ca Å›wiata, na koÅ„cu Å›wiata! I jeden dzieÅ„ dÅ‚uÅ¼ej! â¤ https://t.co/NkHhmKySft";"Sun Jan 15 14:04:23 +0000 2017";"22";"227";"118967";""
"RobertBiedron";"Pozdrawiam serdecznie wszystkich PolakÃ³w z San Escobar! Trzymajcie siÄ™ mocno bo negocjujemy ostro! â›±ğŸğŸ¥‚ğŸ‰ https://t.co/7owYH9jYwG";"Thu Jan 12 05:25:45 +0000 2017";"20";"276";"118967";""
"RobertBiedron";"Åatwo nie bÄ™dzie... https://t.co/oqYtZWdgFA";"Wed Jan 11 14:05:43 +0000 2017";"3";"11";"118967";""
"RobertBiedron";"BÄ™dzie brakowaÅ‚o @BarackObama. OdchodzÄ…cy gatunek polityka Å‚Ä…czÄ…cego a nie dzielÄ…cego. Po prostu szanujÄ…cego ludzi.â€¦ https://t.co/ttKpMzqd9j";"Wed Jan 11 02:44:01 +0000 2017";"35";"247";"118967";""
"RobertBiedron";"KaÅ¼dy i kaÅ¼da z nas zapÅ‚aci za to swoim zdrowiem. Bez wyjÄ…tku. ğŸ˜¡ https://t.co/jXrqt8Jg4d";"Tue Jan 10 10:19:34 +0000 2017";"8";"35";"118967";""
"RobertBiedron";"PÅ‚ynna nowoczesnoÅ›Ä‡ zabraÅ‚a nam dzisiaj profesora Baumana na wiecznoÅ›Ä‡. [*] https://t.co/I32M3QrbQJ";"Mon Jan 09 16:11:46 +0000 2017";"12";"23";"118967";""
"RobertBiedron";"I znÃ³w podpisaÅ‚ ğŸ¤¢ #reformaedukacji #chaoswedukacji https://t.co/iq8bUkJGEG";"Mon Jan 09 15:05:30 +0000 2017";"10";"90";"118967";"reformaedukacji:chaoswedukacji"
"RobertBiedron";"SiÄ™gajcie tam, gdzie wiÄ™kszoÅ›Ä‡ nie siÄ™ga. IdÅºcie czasem pod prÄ…d, bo nasza obecnoÅ›Ä‡ tutaj jest bardzo krÃ³tka...... https://t.co/RYHKKc7BMy";"Sun Jan 08 10:20:42 +0000 2017";"12";"60";"118967";""
"RobertBiedron";"SÅ‚upsk i nasza diecezja na szarym koÅ„cu. SkoÅ„czymy w piekle! ğŸ˜ˆğŸ˜ˆğŸ˜ˆ https://t.co/P6YtGiQ18r";"Sat Jan 07 15:54:08 +0000 2017";"4";"99";"118967";""
"RobertBiedron";"I nie dotyczy to tylko policji, BÅ‚aszczaka i PiS. Obawiam siÄ™, Å¼e wielu z nas odwraca gÅ‚owÄ™ od takich zdarzeÅ„. ğŸ˜¡ https://t.co/95xPwA1z4H";"Sat Jan 07 02:49:31 +0000 2017";"6";"31";"118967";""
"RobertBiedron";"Ma moc! ğŸ’ª https://t.co/FqBknQhMax";"Thu Jan 05 07:43:55 +0000 2017";"2";"9";"118967";""
"RobertBiedron";"A jakie Wy macie postanowienia? Ponadczasowy StanisÅ‚aw BaraÅ„czak. https://t.co/GasGgIyb5D";"Wed Jan 04 08:07:16 +0000 2017";"2";"17";"118967";""
"RobertBiedron";"Iâ¤2017! ğŸ¥‚ğŸ‰ Jak siÄ™ bawiliÅ›cie? https://t.co/37Xionh7Q3";"Sun Jan 01 10:38:40 +0000 2017";"2";"41";"118967";""
"RobertBiedron";"Czy tutaj ukryty jest jakiÅ› podtekst? ğŸ¤” https://t.co/56zrNvyvgr";"Sat Dec 31 10:19:23 +0000 2016";"1";"24";"118967";""
"RobertBiedron";"To kiedy idziemy na pifko? ğŸº https://t.co/9jHjeMmWoD";"Fri Dec 30 13:34:42 +0000 2016";"6";"58";"118967";""
"RobertBiedron";"#BUDÅ»ET2017 w SÅ‚upsku przyjÄ™ty! Rekordowo wysoki, z nadwyÅ¼kÄ…, inwestycjami, nowymi mieszkaniami... https://t.co/QoYPhDsJXg";"Thu Dec 29 15:20:49 +0000 2016";"16";"113";"118967";"BUDÅ»ET2017"
"RobertBiedron";"ZrÃ³b sobie test KaczyÅ„skiego! ğŸ‘ğŸ˜‚ https://t.co/6uxHKPPjrX";"Wed Dec 28 14:50:18 +0000 2016";"13";"37";"118967";""
"RobertBiedron";"Taka miÅ‚a sytuacja! ğŸ‘â¤ğŸ„â„ https://t.co/7UbOIDCDZ2";"Mon Dec 26 13:23:51 +0000 2016";"3";"16";"118967";""
"RobertBiedron";"'WesoÅ‚ych ÅšwiÄ…t' w europejskich jÄ™zykach. JeÅ›li jakieÅ› europejskie pominiÄ™to, dodajcie! ğŸ„ https://t.co/Sx2MPMbe5R";"Sun Dec 25 10:21:03 +0000 2016";"6";"53";"118967";""
"RobertBiedron";"WesoÅ‚ych ÅšwiÄ…t! https://t.co/bIfhUkMRVO";"Sat Dec 24 18:51:31 +0000 2016";"7";"117";"118967";""
"RobertBiedron";"Patriotycznie. https://t.co/mksG082rm1";"Fri Dec 23 21:12:25 +0000 2016";"1";"13";"118967";""
"RobertBiedron";"Nie szata zdobi czÅ‚owieka, ale bycie w dziesiÄ…tce najlepiej ubranych PolakÃ³w wg. Playboy Polska to przywilej.... https://t.co/ZiXGdHIgFk";"Thu Dec 22 08:10:05 +0000 2016";"4";"94";"118967";""
"RobertBiedron";"Od dzisiaj wÅ‚adza ustawodawcza, wykonawcza i sÄ…downicza w rÄ™kach jednego - JarosÅ‚awa KaczyÅ„skiego. Jak nazywa siÄ™ taki stan? Autorytaryzm.";"Wed Dec 21 19:38:01 +0000 2016";"187";"602";"118967";""
"RobertBiedron";"Dzieci odwiedzajÄ… mÃ³j gabinet regularnie! ğŸ™‡ ğŸ‘« https://t.co/GUYEhH4ik2";"Wed Dec 21 14:45:26 +0000 2016";"4";"41";"118967";""
"RobertBiedron";"Taka sytuacja. https://t.co/tClAWJXARs";"Tue Dec 20 18:57:41 +0000 2016";"8";"27";"118967";""
"RobertBiedron";"Dziekuje firmie BranQ za dzbanki na sÅ‚upskÄ… kranÃ³wkÄ™!ğŸš° #pijemywodezkranu https://t.co/6XragaGTFl";"Tue Dec 20 14:45:24 +0000 2016";"1";"26";"118967";"pijemywodezkranu"
"RobertBiedron";"Ten niezwykÅ‚y mural powstaÅ‚ w SÅ‚upsku. Jutro oficjalne odsÅ‚oniÄ™cie. ğŸ‘ğŸ‘ğŸ‘ https://t.co/S88ACw1HAx";"Sun Dec 18 20:08:39 +0000 2016";"32";"190";"118967";""
"RobertBiedron";"Jak oni Å›miechem, to my teÅ¼! https://t.co/T4yqhLU5W6";"Sat Dec 17 18:55:38 +0000 2016";"1";"28";"118967";""
"RobertBiedron";"Potrzeba weryfikacji mandatu politykÃ³w. Tylko wczeÅ›niejsze wybory parlamentarne mogÄ… przywrÃ³ciÄ‡ prawdziwe prawo i sprawiedliwoÅ›Ä‡ w Polsce.";"Sat Dec 17 12:17:03 +0000 2016";"212";"752";"118967";""
"RobertBiedron";"Szkoda, Å¼e jesteÅ›my samotni na tej mapie. ğŸ˜³ https://t.co/Wfk00ecaIP";"Fri Dec 16 15:09:55 +0000 2016";"2";"10";"118967";""
"RobertBiedron";"Z Komitet Obrony Demokracji w obronie samorzÄ…dÃ³w https://t.co/gVzbsFHK4T";"Thu Dec 15 11:35:58 +0000 2016";"4";"19";"118967";""
