"BoniekZibi";"KOGUT pieje z radoÅ›ci ! https://t.co/0aSRL7Zm8k ğŸ˜‚ğŸ˜‚ğŸ˜‚";"Fri Jan 19 18:21:45 +0000 2018";"24";"141";"929415";""
"BoniekZibi";"A wiecie dlaczego kobiety Å¼yjÄ… dÅ‚uÅ¼ej?- bo nie majÄ… Å¼onğŸ˜‚ğŸ˜‚";"Fri Jan 19 17:49:20 +0000 2018";"154";"1763";"929415";""
"BoniekZibi";"""MÄ™Å¼czyÅºni,ktorzy majÄ… inteligentne Å¼ony ponoÄ‡ Å¼yjÄ… dÅ‚uÅ¼ej"" -czyli mam dla Was smutnÄ… wiadomoÅ›Ä‡,ryzykujÄ™ Å¼yÄ‡ 200 latğŸ˜‚ğŸ˜‚ğŸ˜‚ğŸ˜‚";"Fri Jan 19 17:44:27 +0000 2018";"11";"410";"929415";""
"BoniekZibi";"To bÄ™dzie ( potrzeba trochÄ™ szczÄ™Å›cia ) kiedyÅ› PolskiMistrz ÅšwiatağŸğŸ‡µğŸ‡±PS.PamiÄ™tam dziadka AntoniegoğŸ‘ğŸ»ğŸ‘ğŸ»ğŸ‘ğŸ»Mistrz!! https://t.co/iWXkIFP9V4";"Fri Jan 19 08:18:28 +0000 2018";"1";"75";"929415";""
"BoniekZibi";"WidzÄ™,ze siÄ™ @dkownacki24 rozpycha ğŸ‘ğŸ»ğŸ‘ğŸ»ğŸ‘ğŸ» tutaj link https://t.co/YVXU1AcCZS do gry kontrolnej.";"Thu Jan 18 21:52:33 +0000 2018";"9";"171";"929415";""
"BoniekZibi";"Co ten menago,z tym napastnikiem i tym adwokatem(Polacy) robiÄ… na lotnisku w Monachium?CzekajÄ… na poÅ‚Ä…czenie,gdzie?â€¦ https://t.co/pC2JV4898o";"Thu Jan 18 18:29:01 +0000 2018";"2";"146";"929415";""
"BoniekZibi";"Dziekuje panu Zbyszkowi i witam pana MieczysÅ‚awa. https://t.co/6eosPRG552";"Thu Jan 18 13:37:32 +0000 2018";"0";"28";"929415";""
"BoniekZibi";"Taki jest stan faktyczny, a co siÄ™ stanie dalej to juÅ¼ my nie wiemy. https://t.co/eLyqFG13dm";"Wed Jan 17 16:41:53 +0000 2018";"0";"14";"929415";""
"BoniekZibi";"Guilherme jednak nie w Benevento lecz w portugalskiej Santa Cruz Alvarenga.";"Wed Jan 17 15:33:14 +0000 2018";"14";"221";"929415";""
"BoniekZibi";"Taki prezent od kolegi @MateuszJuroszek i @stspolska to sportowa Å›mierÄ‡ @TSmokowski .DziÄ™kiğŸ‘ŠğŸ»ğŸ‡µğŸ‡± https://t.co/vLK8HPXjlZ";"Wed Jan 17 10:42:48 +0000 2018";"2";"229";"929415";""
"BoniekZibi";"We Francji,Anglii,Niemczech i Hiszpanii  liga jest juÅ¼ pozamiatana i nikt nie narzeka, dlaczego?";"Tue Jan 16 21:30:08 +0000 2018";"4";"304";"929415";""
"BoniekZibi";"DobreğŸ˜‚ğŸ˜‚ https://t.co/m6BJDu4yx5";"Tue Jan 16 20:47:03 +0000 2018";"6";"93";"929415";""
"BoniekZibi";"PonoÄ‡ 94 piÅ‚karzy Senegalu,gra regularnie w zachodnich ligach.Szybko zaczÄ™li mnie straszyÄ‡, jeszcze siÄ™ styczeÅ„ nie skoÅ„czyÅ‚!ğŸ‘ŠğŸ»ğŸ‘ŠğŸ»";"Tue Jan 16 16:17:32 +0000 2018";"12";"406";"929415";""
"BoniekZibi";"Takich â€kaczekâ€to ja widzÄ™ codziennie kilka! https://t.co/EdZjrpqYwy";"Tue Jan 16 15:16:35 +0000 2018";"0";"36";"929415";""
"BoniekZibi";"WidziaÅ‚em naprawdÄ™ mÅ‚odego polskiego piÅ‚karza z wielkÄ… smykaÅ‚kÄ… -KKğŸ‡µğŸ‡±âš½ï¸kiedy? Gdzie? Nic nie powiem!";"Mon Jan 15 22:00:45 +0000 2018";"1";"153";"929415";""
"BoniekZibi";"Stano idzie mocno,to bedzie oficjalne radio kibicow Barcelony w Polsce? Jezeli tak,to na mnie nie liczğŸ‘ğŸ»ğŸ˜‚ https://t.co/8hNR6JltkB";"Mon Jan 15 21:43:40 +0000 2018";"6";"367";"929415";""
"BoniekZibi";"I tego siÄ™ trzymajmy! https://t.co/PjBUiCGowH";"Mon Jan 15 09:56:28 +0000 2018";"3";"70";"929415";""
"BoniekZibi";"Zostawiam Was,to wydaje mi siÄ™ ciekawsze,ale te 52 miliony cholernie cieszÄ…ğŸ‡µğŸ‡±ğŸ‘ğŸ»ğŸ‘ğŸ»ğŸ‘ŠğŸ»ğŸ‘ŒğŸ» https://t.co/P7kiJP7FRp";"Sun Jan 14 22:21:59 +0000 2018";"2";"187";"929415";""
"BoniekZibi";"Chyba masz racjÄ™,muszÄ™ pomyÅ›leÄ‡. https://t.co/qF5dZBOxY3";"Sun Jan 14 22:01:35 +0000 2018";"17";"173";"929415";""
"BoniekZibi";"SÅ‚owa W. Churchilla caÅ‚y czas aktualne-""Polacy to najlepszy narÃ³d w czasie wojny,w czasie pokoju by siÄ™ sami pozabijali""Dzisiaj to widziaÅ‚em";"Sun Jan 14 21:48:34 +0000 2018";"158";"1877";"929415";""
"BoniekZibi";"I love youğŸ˜‚ğŸ˜‚ğŸ‘ğŸ»ğŸ‘ğŸ» https://t.co/jUXraOfVkY";"Sun Jan 14 21:06:49 +0000 2018";"5";"116";"929415";""
"BoniekZibi";"Jurek,oczywiÅ›cie! Pamietam nasz wspÃ³lny okres w Zawiszy, UkÅ‚ony.ps.mam nadziejÄ™ ,ze ktoÅ› ci to przekaÅ¼e ğŸ‘ğŸ»ğŸ‘ğŸ» https://t.co/fAD8PTyXj1";"Sun Jan 14 09:12:27 +0000 2018";"4";"113";"929415";""
"BoniekZibi";"A tak ogÃ³lnie to miÅ‚ej niedzieli,zobaczymy ilu odpowie,edukacjağŸ‘ğŸ»ğŸ˜‚âœŒğŸ»ï¸â¤ï¸âš½ï¸ğŸ‡µğŸ‡±";"Sun Jan 14 08:29:43 +0000 2018";"8";"749";"929415";""
"BoniekZibi";"I to jest  obrazekâš½ï¸ğŸ‘ŠğŸ»ğŸ‘ŠğŸ»DzieÅ„ dobryğŸ‘ğŸ» https://t.co/P6OKttE1Sg";"Sun Jan 14 08:19:26 +0000 2018";"6";"93";"929415";""
"BoniekZibi";"WidzÄ™,ze Legia gra z BarcelonÄ…,teraz rozumiem gorÄ…czkÄ™ @K_Stanowski";"Sat Jan 13 20:05:27 +0000 2018";"2";"313";"929415";""
"BoniekZibi";"Na co oni czekajÄ…?";"Sat Jan 13 20:02:41 +0000 2018";"0";"59";"929415";""
"BoniekZibi";"Najlepszego Trenerze! https://t.co/9vOrCPfP27";"Sat Jan 13 12:57:38 +0000 2018";"9";"230";"929415";""
"BoniekZibi";"GratulacjeğŸ‘ğŸ»ğŸ‘ğŸ»ğŸ‘ğŸ»! https://t.co/NX4inTTu03";"Fri Jan 12 20:26:39 +0000 2018";"5";"83";"929415";""
"BoniekZibi";"Szanowny @DawidOlejnicza5 jak to widzisz,na @TSmokowski wystarczy? ğŸ˜‚ğŸ˜‚ https://t.co/VvQV3yABDO";"Fri Jan 12 18:03:00 +0000 2018";"2";"175";"929415";""
"BoniekZibi";"Niestety,zabawa zakoÅ„czona.FinaliÅ›ci sÄ… z tej samej stajni i promotor nie wyraÅ¼a zgodyğŸ‘ŠğŸ»ğŸ‘ŠğŸ»ğŸ˜‚ğŸ˜‚ğŸ˜‚DziÄ™kujÄ™ wszystkimğŸ‘ğŸ»ğŸ‘ğŸ»ğŸ‘ğŸ»";"Fri Jan 12 17:01:13 +0000 2018";"4";"206";"929415";""
"BoniekZibi";"Najlepszego RokoğŸ¾ğŸ·âœŒğŸ»ï¸ğŸ‘ğŸ»Lata lecÄ…,ale mogÄ™ CiÄ™ uspokoiÄ‡,Å¼e nigdy mnie nie doÅ›cigniesz.ğŸ¸ğŸ¸";"Fri Jan 12 16:52:46 +0000 2018";"4";"73";"929415";""
"BoniekZibi";"DziekujÄ™ wszystkim! Mamy wielki finaÅ‚ @K_Stanowski vs @BorekMati âš½ï¸ ğŸ¾ğŸ‘ğŸ»Jest jeden maÅ‚y problem,mam nadziejÄ™,ze do 18tej zostanie rozwiÄ…zany.";"Fri Jan 12 16:35:53 +0000 2018";"2";"157";"929415";""
"BoniekZibi";"Zapraszamâš½ï¸âš½ï¸ https://t.co/ODMAWvpB3Q";"Fri Jan 12 15:18:39 +0000 2018";"0";"10";"929415";""
"BoniekZibi";"ğŸ‘ğŸ»ğŸ‘ğŸ»ğŸ‘ğŸ»@BorekMati,a teraz drugi 1/2 @K_Stanowski vs @RafalStec.";"Fri Jan 12 14:30:30 +0000 2018";"0";"10";"929415";""
"BoniekZibi";"Z uÅ›miechem na ustach zaczynamy pierwszy 1/2ğŸ†ğŸ† @Michal_Kolo  vs @BorekMati";"Fri Jan 12 11:59:13 +0000 2018";"1";"40";"929415";""
"BoniekZibi";"Dzisiaj o 18tej wielki finaÅ‚.W 1/2 spotkajÄ… siÄ™ @Michal_Kolo vs @BorekMati @stec vs @stanowski.Pierwszy pÃ³Å‚finaÅ‚ okoÅ‚o 13:00ğŸ‘ğŸ»ğŸ‘ğŸ»";"Fri Jan 12 11:33:25 +0000 2018";"1";"86";"929415";""
"BoniekZibi";"Trzech pÃ³Å‚finalistÃ³w juÅ¼ mamy( @Michal_Kolo @K_Stanowski  @RafalStec ),teraz starcie gigantÃ³w;";"Fri Jan 12 09:17:39 +0000 2018";"3";"58";"929415";""
"BoniekZibi";"KrÃ³tko po 10tej do ringu w ostatnim Ä‡wierÄ‡finale wejdzie waga ciÄ™Å¼ka @BorekMati vs @PolsportğŸ‘ŠğŸ»ğŸ‘ŠğŸ»ğŸ˜‚";"Fri Jan 12 07:18:11 +0000 2018";"0";"140";"929415";""
"BoniekZibi";"Bawimy siÄ™ dalej. Po @Michal_Kolo i @K_Stanowski wybieramy trzeciego pÃ³Å‚finalistÄ™,kto wygra? Do startu,gotowi.....";"Fri Jan 12 07:00:09 +0000 2018";"2";"13";"929415";""
"BoniekZibi";"Pierwszym pÃ³Å‚finalistÄ… naszej(mojej) zabawy zostaÅ‚ @Michal_Kolo ğŸ‘ğŸ»ğŸ‘ğŸ»ğŸ‘ğŸ».Teraz derby,wielkie emocje @K_Stanowski vs @AdamGodlewski ğŸ‘ŠğŸ»ğŸ‘ŠğŸ»";"Thu Jan 11 20:49:28 +0000 2018";"4";"27";"929415";""
"BoniekZibi";"Prawda. https://t.co/fIK43PPza8";"Thu Jan 11 19:21:34 +0000 2018";"1";"32";"929415";""
"BoniekZibi";"WidzÄ™,ze poszÅ‚o kilka innych zabaw, wszÄ™dzie przegrywam z kretesemğŸ˜‚ğŸ˜‚ğŸ˜‚";"Thu Jan 11 19:15:41 +0000 2018";"1";"87";"929415";""
"BoniekZibi";"Zabawimy siÄ™ i wybierzemy najlepszego dziennikarza,wytypowaÅ‚em oÅ›miu.1/4 wyglada tak@M_Wawrzynowski vsâ€¦ https://t.co/UmSYEgWNSH";"Thu Jan 11 18:44:30 +0000 2018";"6";"94";"929415";""
"BoniekZibi";"Kolega @Wawrzynowski z tymi wirtualnymi Pucharami zainspirowaÅ‚ mnie do niezÅ‚ej zabawy.Sezon lekko ogÃ³rkowy,wiec siÄ™â€¦ https://t.co/jhnOoAvNuP";"Thu Jan 11 18:15:19 +0000 2018";"1";"33";"929415";""
"BoniekZibi";"Tak jest ğŸ˜‚ğŸ˜‚ https://t.co/fIpTIA8kiD";"Thu Jan 11 11:52:19 +0000 2018";"0";"40";"929415";""
"BoniekZibi";"Problemy Guilherme nie majÄ… podÅ‚oÅ¼a ekonomicznego. Benevento musi pozbyÄ‡ siÄ™ jednego piÅ‚karza z poza UK,by moc zarejestrowaÄ‡ ex LegionistÄ™.";"Thu Jan 11 11:43:46 +0000 2018";"4";"107";"929415";""
"BoniekZibi";"Ale trzeba pochwaliÄ‡ @M_Wawrzynowski .Nareszcie zrobiÅ‚ coÅ› od A do Z.Brawa dla WisÅ‚y,w teorii wygrali,w praktyce? Lâ€¦ https://t.co/Vhv3plbBwX";"Thu Jan 11 10:34:57 +0000 2018";"1";"49";"929415";""
"BoniekZibi";"Åatwo to tylko gadaÄ‡ğŸ˜‚ğŸ˜‚ https://t.co/mAGDltuRGT";"Thu Jan 11 09:40:58 +0000 2018";"1";"32";"929415";""
"BoniekZibi";"A jednak! Ciekawie o Plebiscycie,coÅ› mi siÄ™ wydaje ze miaÅ‚em racje ğŸ‘ğŸ»ğŸ‘ğŸ»ğŸ‘ğŸ»,ale KAMIL to Mistrz nad MistrzeğŸ‡µğŸ‡± https://t.co/tpyCxgJpEg";"Thu Jan 11 08:01:00 +0000 2018";"2";"63";"929415";""
"BoniekZibi";"SamobÃ³j roku 2018 ? zdarzyÅ‚o siÄ™ to dzisiaj PO poÅ‚udniu,no moÅ¼e wieczorem.";"Wed Jan 10 22:20:26 +0000 2018";"149";"1044";"929415";""
"BoniekZibi";"PrzetÅ‚umaczÄ™-â€Nie rezygnowaÄ‡ nigdy ze szczepionek przeciwko gÅ‚upocieâ€ğŸ‘ğŸ»ğŸ‘ğŸ» https://t.co/RcCmlDyo0H";"Wed Jan 10 16:30:44 +0000 2018";"12";"112";"929415";""
"BoniekZibi";"Brawo ja,rozruszyÅ‚em rynekğŸ˜‚ğŸ‘ŠğŸ»ğŸ˜‚ https://t.co/gJ1FyaYuRs";"Wed Jan 10 16:07:00 +0000 2018";"5";"129";"929415";""
"BoniekZibi";"I pamiÄ™tajcie ,ze PZPN wynegocjowaÅ‚ dla Was bardzo dobre warunki ubezpieczenioweğŸ‘ğŸ»ğŸ‘ğŸ» https://t.co/LHd4M7aeky";"Tue Jan 09 14:35:58 +0000 2018";"3";"46";"929415";""
"BoniekZibi";"Co to byÅ‚ za mecz,co siÄ™ wtedy dziaÅ‚oğŸ‡µğŸ‡±âš½ï¸ğŸ‡µğŸ‡± https://t.co/IIo3nU616y";"Tue Jan 09 14:25:36 +0000 2018";"5";"68";"929415";""
"BoniekZibi";"Zaczyna mi siÄ™ ta druÅ¼yna podobaÄ‡ğŸ‘ŠğŸ»ğŸ‘ŠğŸ»ğŸ¾";"Tue Jan 09 13:43:31 +0000 2018";"10";"227";"929415";""
"BoniekZibi";"Brawo Marian,lepiej tego nie moÅ¼na byÅ‚o podsumowaÄ‡ğŸ‘ğŸ»ğŸ‘ğŸ»ğŸ‘ğŸ»ğŸ‘ğŸ»ğŸ‘ğŸ» https://t.co/EwQdbfkEN6";"Tue Jan 09 12:04:36 +0000 2018";"1";"33";"929415";""
"BoniekZibi";"Brawo,nareszcieğŸ‘ğŸ»ğŸ‡µğŸ‡±";"Tue Jan 09 08:06:32 +0000 2018";"2";"120";"929415";""
"BoniekZibi";"Jankowi Tomaszewskiemu stuknÄ™Å‚a 70tka.NAJLEPSZEGOğŸ¾ğŸ¾ğŸ‘ğŸ»ğŸ‘ğŸ»MISTRZU.";"Mon Jan 08 23:52:29 +0000 2018";"34";"961";"929415";""
"BoniekZibi";"I to sÄ… dobre newsyğŸ‘ğŸ» https://t.co/iEinYbDiBG";"Mon Jan 08 20:58:08 +0000 2018";"2";"106";"929415";""
"BoniekZibi";"Najlepszego Gapek( #widzewskieczasy ) z okazji 70 lat.Pan piÅ‚karz i wspaniaÅ‚y kolega ğŸ¾âš½ï¸ https://t.co/Tuhivp0VAJ";"Sun Jan 07 22:16:00 +0000 2018";"18";"369";"929415";"widzewskieczasy"
"BoniekZibi";"31 grudnia lider plebiscytu byÅ‚ inny. 6 dni stycznia wstrzÄ…snÄ™Å‚y mocno tym plebiscytem i dobrze. A tak na dobranoc,â€¦ https://t.co/tM958FWSMy";"Sat Jan 06 23:13:32 +0000 2018";"12";"343";"929415";""
"BoniekZibi";"Takiego to mozna tylko zbanowaÄ‡ i powiedzieÄ‡ krÃ³tko "" goÅ›Ä‡ ..........."" https://t.co/CkTHdhJY2o";"Sat Jan 06 22:16:26 +0000 2018";"10";"397";"929415";""
"BoniekZibi";"Plebiscyt PS zakoÅ„czony.GratulujÄ™ wszystkim za wspaniaÅ‚e osiÄ…gniÄ™cia w 2017 roku. Moja piÄ…tka;1. Kubot 2 WÅ‚odarczyâ€¦ https://t.co/pvxWb65Tss";"Sat Jan 06 21:55:40 +0000 2018";"36";"437";"929415";""
"BoniekZibi";"Trzeba chama zÅ‚apaÄ‡ğŸ‘ŠğŸ»ğŸ‘ŠğŸ» https://t.co/k2fH92Ixbb";"Fri Jan 05 17:44:11 +0000 2018";"97";"362";"929415";""
"BoniekZibi";"To niedoÅ›cigniony wzÃ³r ğŸ‘ğŸ»ğŸ‘ğŸ» https://t.co/zvB4tnb2v7";"Fri Jan 05 10:34:20 +0000 2018";"1";"91";"929415";""
"BoniekZibi";"Podpisana umowa z rywalem.Gramy 8 czerwca.Gdzie?Z kim?za chwileâš½ï¸ğŸ‡µğŸ‡±";"Fri Jan 05 10:33:11 +0000 2018";"26";"586";"929415";""
"BoniekZibi";"PoliczyÅ‚em dzienne Å›rednie @Polsport @K_Stanowski i @BorekMati .Jestem na szarym koÅ„cu.";"Fri Jan 05 10:28:13 +0000 2018";"0";"55";"929415";""
"BoniekZibi";"MaÅ‚e resume-6 lat na TT, napisaÅ‚em 19490TT.Srednia okoÅ‚o 9TT na dzieÅ„,naprawdÄ™ niewiele w porÃ³wnanie z niektÃ³rymi tâ€¦ https://t.co/WHEQEekgQP";"Fri Jan 05 10:24:00 +0000 2018";"3";"221";"929415";""
"BoniekZibi";"Oj @OnetWiadomosci,co ta kreowanie polemiki na siÅ‚Ä™,â€BÅ‚aszczykowski wbiÅ‚ szpilkÄ™ Lewemuâ€.Wam tez juÅ¼ odbiÅ‚o?Przeciaâ€¦ https://t.co/DUOGSmKJ71";"Thu Jan 04 10:38:27 +0000 2018";"56";"1343";"929415";""
"BoniekZibi";"Po jednej zabawnej odpowiedzi(poniÅ¼ej)do @BL_1916 niektÃ³rzy oszaleli;felietonu,komentarze,oceny,porÃ³wnania.Ecieniasâ€¦ https://t.co/sDH6yJWi9r";"Wed Jan 03 20:30:52 +0000 2018";"10";"279";"929415";""
"BoniekZibi";"Come mi fanno incavolare sti calciatori che rimangono per terra senza aver nienteğŸ‘ğŸ»ğŸ‘ğŸ»";"Tue Jan 02 20:32:15 +0000 2018";"9";"119";"929415";""
"BoniekZibi";"Jak Arek chce dojechaÄ‡ na jakiÅ› mecz Repry to proszÄ™ o kontaktâš½ï¸ğŸ‡µğŸ‡±ğŸ‡µğŸ‡±ğŸ‘ğŸ»ğŸ‘ğŸ»ğŸ‘ğŸ» https://t.co/anM0fuZ3gC";"Tue Jan 02 19:58:17 +0000 2018";"381";"3653";"929415";""
"BoniekZibi";"Prezent od Zacinto Dl na koniec rokuğŸ´ğŸ´ https://t.co/oGF5F3K4dJ ğŸ˜‚ğŸ˜‚trzeba umieÄ‡ stawiaÄ‡ na wÅ‚aÅ›ciwegoğŸ´";"Tue Jan 02 11:50:42 +0000 2018";"0";"19";"929415";""
"BoniekZibi";"Ma perchÃ© volete uccidere ippica? ğŸ´Abbiamo tutto per andare avanti:allevamento,allenatori,proprietari,guidatori,appâ€¦ https://t.co/Y9jqAEMSYA";"Tue Jan 02 10:36:14 +0000 2018";"6";"35";"929415";""
"BoniekZibi";"No proszÄ™! ğŸ‘ğŸ»ğŸ‘ğŸ» https://t.co/klLFNjI7Hv";"Mon Jan 01 19:26:13 +0000 2018";"3";"57";"929415";""
"BoniekZibi";"FantastyczneğŸ‘ğŸ»ğŸ‘ğŸ» https://t.co/EClyiAnB89";"Mon Jan 01 11:30:40 +0000 2018";"3";"88";"929415";""
"BoniekZibi";"2018-witamyğŸ‡µğŸ‡±ğŸ·ğŸ·ğŸ‘ğŸ»ğŸ‘ŠğŸ»âš½ï¸ğŸ¾";"Mon Jan 01 00:00:24 +0000 2018";"27";"644";"929415";""
"BoniekZibi";"PrzyÅ‚Ä…czam siÄ™!NajlepszegoğŸ¾ğŸ¾ https://t.co/zw9CpVHYXu";"Sun Dec 31 23:34:38 +0000 2017";"1";"44";"929415";""
"BoniekZibi";"Nie mogÅ‚o zabraknÄ…Ä‡ ğŸ˜‚ğŸ˜‚ğŸ‘ğŸ»ğŸ‘ğŸ» https://t.co/IUrAwThwi5";"Sun Dec 31 23:22:29 +0000 2017";"32";"598";"929415";""
"BoniekZibi";"WÅ‚osi tradycyjnieğŸ˜‚ğŸ‘ğŸ»ğŸ‘ğŸ» https://t.co/zO5a1gDMeX";"Sun Dec 31 23:19:05 +0000 2017";"9";"109";"929415";""
"BoniekZibi";"No dobra,Å¼yczÄ™ mojej ulubionej druÅ¼ynie Mistrzostwa Polski w 2018 rokuâš½ï¸âš½ï¸ğŸ¾ğŸ¾";"Sun Dec 31 22:46:59 +0000 2017";"45";"837";"929415";""
"BoniekZibi";"Duet RokuğŸ˜‚ğŸ‘ğŸ»ğŸ‘ğŸ»ğŸ‘ğŸ» https://t.co/r0vXRO3PmW";"Sun Dec 31 16:56:57 +0000 2017";"1";"60";"929415";""
"BoniekZibi";"DruÅ¼yna -GÃ³rnik Trener - Marcin BroszPiÅ‚karz - Kamil GlikSÄ™dzia -Mariusz ZÅ‚otek OsiÄ…gniecie Roku - Arka ğŸ†ğŸ†Kibiâ€¦ https://t.co/LSVuNYpX5F";"Sun Dec 31 15:21:11 +0000 2017";"97";"1651";"929415";""
"BoniekZibi";"WÅ‚aÅ›nie piszÄ™ mÃ³j ranking piÅ‚karski 2017.SzczegÃ³Å‚y za chwilÄ™.Ps.@lewy_official nie byÅ‚ brany pod uwagÄ™,inna kategoriağŸ‡µğŸ‡±ğŸ‘ğŸ»âš½ï¸";"Sun Dec 31 14:57:44 +0000 2017";"1";"165";"929415";""
"BoniekZibi";"https://t.co/i5cU502Zzo";"Sun Dec 31 12:35:54 +0000 2017";"59";"324";"929415";""
"BoniekZibi";"A to druga i ostatnia czÄ™Å›Ä‡ ğŸ˜‚ğŸ˜‚ğŸ‘ŠğŸ»ğŸ‘ŠğŸ»ğŸ‘ğŸ»ğŸ‘ğŸ» https://t.co/EP5R35hF7y";"Sat Dec 30 22:25:45 +0000 2017";"91";"486";"929415";""
"BoniekZibi";"Od BoÅ„kÃ³w najlepszego  dla wszystkich PolakÃ³w w nowym 2018 rokuğŸ¾ğŸ·ğŸ‡µğŸ‡±âš½ï¸ğŸ‘ğŸ»â¤ï¸ ( zdjÄ™cie archiwalneğŸ˜‚ğŸ˜‚ğŸ˜‚) https://t.co/NLz1wQsgZM";"Sat Dec 30 18:33:57 +0000 2017";"59";"1799";"929415";""
"BoniekZibi";"CzÄ™Å›Ä‡ tekstu ktory mi przysÅ‚anoğŸ˜‚ğŸ˜‚ğŸ˜‚...... tak byÅ‚o https://t.co/iAgyY2nBXY";"Sat Dec 30 18:05:13 +0000 2017";"84";"415";"929415";""
"BoniekZibi";"Hej fenomeni,pomyÅ›lcie o nich nim zaczniecie uÅ¼ywaÄ‡ petardğŸ‘ğŸ»ğŸ‘ğŸ» https://t.co/TJDCqrzktO";"Sat Dec 30 09:55:50 +0000 2017";"364";"1968";"929415";""
"BoniekZibi";"I jeszcze sukcesy klubÃ³w w roz europejskich.Dzisiaj tworzymy legendy itd. https://t.co/A2qdFdSb2y";"Fri Dec 29 21:35:14 +0000 2017";"2";"22";"929415";""
"BoniekZibi";"To tylko czÄ™Å›Ä‡ prawdy,trudno uszczÄ™Å›liwiaÄ‡ ludzi na ich warunkach,lepsza jest cisza,zwÅ‚aszcza po Å›mierci. https://t.co/B6KEwi9kcZ";"Fri Dec 29 19:14:01 +0000 2017";"18";"158";"929415";""
"BoniekZibi";"Mam lepszego na debila roku @K_Stanowski https://t.co/HnpMrOlIzx";"Thu Dec 28 17:48:11 +0000 2017";"8";"326";"929415";""
"BoniekZibi";"DostaÅ‚em wiadomoÅ›Ä‡ o Å›mierci StanisÅ‚awa Terleckiego,trudno w to uwierzyÄ‡.";"Thu Dec 28 09:45:13 +0000 2017";"254";"748";"929415";""
"BoniekZibi";"Zenek Martyniuk https://t.co/ZVVDW79MNr";"Wed Dec 27 18:35:59 +0000 2017";"5";"62";"929415";""
"BoniekZibi";"Ale traktor,chyba z Ursusa! https://t.co/SV0f81U5LC";"Wed Dec 27 18:09:55 +0000 2017";"29";"666";"929415";""
"BoniekZibi";"ğŸ‘ğŸ»ğŸ‘ğŸ»ğŸ‘ğŸ»moÅ¼na w odpowiednim miejscu i czasie. https://t.co/PiPrz2rJHh";"Wed Dec 27 18:07:24 +0000 2017";"15";"111";"929415";""
"BoniekZibi";"GratulacjeğŸ‘ğŸ»ğŸ‘ğŸ»ğŸ‘ğŸ»ğŸ‡µğŸ‡± https://t.co/9rNxDhD7Cy";"Wed Dec 27 11:24:03 +0000 2017";"4";"80";"929415";""
"BoniekZibi";"Po cichu liczyÅ‚em na ""CzÅ‚owieka WolnoÅ›ci""...przeliczyÅ‚em siÄ™ğŸ˜¡ğŸ˜¡...sport uczy pokory....gratulujÄ™ zwyciÄ™Å¼czyniğŸ‘ğŸ»ğŸ‘ŠğŸ»ğŸ˜‚";"Wed Dec 27 10:31:39 +0000 2017";"233";"2441";"929415";""
"BoniekZibi";"Dystrybucja mikrofonu w MF;@BorekMati 98%@Polsport     0,9%@DarekSzpakowski 0,57%@Rudzki77 0,53%ğŸ˜‚ğŸ˜‚ğŸ˜‚ğŸ‘ğŸ»ğŸ‘ğŸ»ğŸ‘ğŸ»";"Wed Dec 27 10:06:28 +0000 2017";"10";"724";"929415";""
"BoniekZibi";"Mati to pasjonat,lubi to co robi! https://t.co/DEm1tgd4ci";"Wed Dec 27 09:57:45 +0000 2017";"2";"89";"929415";""
"BoniekZibi";"Ja jak chcÄ™ sobie pogadaÄ‡,to idÄ™ do Cafe FutbolğŸ˜‚ğŸ˜‚ @BorekMati jak chce sobie pogadaÄ‡ to idzie do Misja FutboluğŸ˜‚ğŸ˜‚";"Wed Dec 27 09:51:59 +0000 2017";"11";"843";"929415";""
"BoniekZibi";"MiÅ‚eğŸ‘ğŸ» https://t.co/QSdgI0LHUX";"Tue Dec 26 19:12:21 +0000 2017";"22";"220";"929415";""
"BoniekZibi";"UkÅ‚ony ğŸ„ğŸ„ğŸ‡µğŸ‡±âš½ï¸ğŸ¾ https://t.co/NbXOuho7Gt";"Mon Dec 25 15:55:47 +0000 2017";"4";"31";"929415";""
"BoniekZibi";"PamiÄ™tamy i nie zapomnimy nigdy ğŸ‡µğŸ‡±@SebastianMila11 https://t.co/emllSwwSRI";"Mon Dec 25 15:53:52 +0000 2017";"19";"384";"929415";""
"BoniekZibi";"MoÅ¼na powspominaÄ‡ przy Å›wiÄ™tachğŸ‡µğŸ‡±âš½ï¸ https://t.co/rfERhYDsOQ";"Mon Dec 25 15:46:28 +0000 2017";"4";"57";"929415";""
"BoniekZibi";"Rodzinnie,spokojnie ğŸ„ğŸ„ğŸğŸ https://t.co/NK1WZNSMfh";"Sun Dec 24 21:45:39 +0000 2017";"92";"3041";"929415";""
"BoniekZibi";"Dobra zabawa,Szpila wejÅ›cie smoka! https://t.co/FzElqbihG5";"Sat Dec 23 22:38:58 +0000 2017";"6";"108";"929415";""
"BoniekZibi";"Najwazniejsze,ze na tej pozycji mamy ""wybitnych""ğŸ‡µğŸ‡±âš½ï¸ https://t.co/zHZvVkBudw";"Sat Dec 23 22:08:12 +0000 2017";"6";"92";"929415";""
"BoniekZibi";"Oggi ho capito perche la Roma nn vince lo scudetto,ho capito anche perche la Juve nn vince CL,BUONE FESTEğŸ„ğŸ„";"Sat Dec 23 21:44:17 +0000 2017";"136";"500";"929415";""
"BoniekZibi";"Rozgrzewka przed #Juv- #Rom? Peppa PigğŸ˜‚ğŸ˜‚ğŸ˜‚ https://t.co/FT8u4x0L4F";"Sat Dec 23 19:29:33 +0000 2017";"35";"1944";"929415";"Juv:Rom"
"BoniekZibi";"Wszystkim Å¼yczÄ™ Zdrowych Pogodnych ÅšwiÄ…tğŸ„ğŸ¥‚NajlepszegoğŸ‘ğŸ»";"Sat Dec 23 16:31:36 +0000 2017";"42";"1979";"929415";""
"BoniekZibi";"Rodzinnych Å›wiÄ…t! https://t.co/fle9cPiVNT przez @YouTube";"Sat Dec 23 15:57:42 +0000 2017";"4";"56";"929415";""
"BoniekZibi";"Prezes siÄ™ nie myliğŸ‘ŠğŸ»ğŸ‘ŠğŸ»ğŸ˜‚ğŸ˜‚ https://t.co/JEJNzBE1cz";"Sat Dec 23 15:37:15 +0000 2017";"5";"98";"929415";""
"BoniekZibi";"Wnuczka poznaje konie z wielkim respektem i lekkim strachem ğŸ´ğŸ‘ğŸ» https://t.co/CCz2TbMG0y";"Sat Dec 23 09:26:42 +0000 2017";"7";"556";"929415";""
"BoniekZibi";"Jutro 3-0 i po ptokach @K_Stanowski ğŸ‘ŠğŸ»ğŸ‘ŠğŸ»ğŸ‘ŠğŸ»";"Fri Dec 22 21:55:03 +0000 2017";"30";"435";"929415";""
"BoniekZibi";"Dzieciaki,nie bÄ™dÄ… sobie tym gÅ‚owy zawracaÄ‡! https://t.co/LWyIIydu6A";"Fri Dec 22 21:00:06 +0000 2017";"2";"11";"929415";""
"BoniekZibi";"A dlaczego nasi czÄ™sto mowiÄ… ,ze trzeba dopÅ‚acaÄ‡? https://t.co/OHHQTdAliP";"Fri Dec 22 20:58:15 +0000 2017";"3";"18";"929415";""
"BoniekZibi";"Na spacerzeğŸ‘ğŸ»ğŸ‘ğŸ» https://t.co/A6pe3IK63h";"Fri Dec 22 16:21:53 +0000 2017";"44";"911";"929415";""
"BoniekZibi";"https://t.co/eGaSbmQTU1 via @youtube Warto zobaczyÄ‡ğŸ‡µğŸ‡±ğŸ‡µğŸ‡±ğŸ‘ğŸ»ğŸ‘ğŸ»";"Fri Dec 22 11:58:14 +0000 2017";"6";"59";"929415";""
"BoniekZibi";"Jak to moÅ¼liwe ,ze tak maÅ‚o o tym mÃ³wimy.To powinien byÄ‡ jeden z priorytetÃ³wğŸ‘ŠğŸ» https://t.co/ghbO9uvpYu";"Thu Dec 21 21:50:21 +0000 2017";"56";"537";"929415";""
"BoniekZibi";"Ja tam siÄ™ nie bÄ™dÄ™ odnosiÅ‚, bo Richard to stary kumpel,natomiast ciekawe co by powiedziaÅ‚ kolega Lach? https://t.co/x6IiQbwyPN";"Thu Dec 21 18:53:02 +0000 2017";"25";"147";"929415";""
"BoniekZibi";"âš½ï¸jest fajna,bo kazdy ma swoje zdanieğŸ˜‚ https://t.co/2A3cZaxe8j";"Thu Dec 21 17:07:30 +0000 2017";"4";"28";"929415";""
"BoniekZibi";"TytuÅ‚ v-ce debila! Debil jest tylko jeden i nikt go nie wyprzedziğŸ˜‚ğŸ˜‚ https://t.co/Vn4DIkBiww";"Thu Dec 21 11:26:23 +0000 2017";"11";"112";"929415";""
"BoniekZibi";"PiÄ™kne! https://t.co/YHaPinXk2m";"Thu Dec 21 11:24:23 +0000 2017";"14";"230";"929415";""
"BoniekZibi";"Gratuluje! https://t.co/h40cLLLZZP";"Thu Dec 21 09:01:34 +0000 2017";"5";"88";"929415";""
"BoniekZibi";"Mundiale fantastico,era bello rivederVi,che dolore non poter giocare la semifinale.Dino fantasticoğŸ‘ğŸ»ğŸ‘ğŸ»ğŸ‘ğŸ» https://t.co/Tq4jTjipd1";"Wed Dec 20 08:10:04 +0000 2017";"3";"33";"929415";""
"BoniekZibi";"Taka prawda ,jakby nasze druzyny byly na poziomie naszych sedziow,to CL i EL bylyby co rokuğŸ‡µğŸ‡±âš½ï¸ğŸ‘ğŸ» https://t.co/moYsieg4WO";"Tue Dec 19 22:04:00 +0000 2017";"6";"137";"929415";""
"BoniekZibi";"Dzisiaj nasi sÄ™dziowie majÄ… Wigilijne spotkanieğŸŒ²ğŸŒ²UkÅ‚ony i pozdrowieniağŸŒ²ğŸŒ²";"Tue Dec 19 19:40:07 +0000 2017";"5";"339";"929415";""
"BoniekZibi";"JuÅ¼ mi brakuje tej naszej ESA,macie to samo?âš½ï¸ğŸ˜‚ğŸ˜‚";"Mon Dec 18 22:59:32 +0000 2017";"9";"489";"929415";""
"BoniekZibi";"Il mio Caro amico Tonino Tempestilli  ha perso la mamma! Un abbraccio affettuoso Tonino.";"Sun Dec 17 19:56:21 +0000 2017";"6";"45";"929415";""
"BoniekZibi";"Åšwierczoka kadra nakrÄ™ciÅ‚ağŸ‡µğŸ‡±ğŸ‡µğŸ‡±ma chÅ‚opak Å¼yciowÄ… szanseğŸ‡µğŸ‡±ğŸ‡µğŸ‡±niech pracujeğŸ‘ŠğŸ»ğŸ‘ŠğŸ»";"Sun Dec 17 18:15:15 +0000 2017";"10";"410";"929415";""
"BoniekZibi";"Guilherme na trybunach w Benevento.W Sky mÃ³wiÄ…,ze wszystko zaÅ‚atwione.Dla mnie to wielka zagadka.";"Sun Dec 17 17:35:57 +0000 2017";"7";"114";"929415";""
"BoniekZibi";"W Krakowie przerwÄ™ wykorzystujÄ… na pokazywanie "" Januszy"", pozdrawiamğŸ‘ğŸ»ğŸ‘ğŸ»ğŸ‡µğŸ‡±ğŸ‡µğŸ‡±";"Sun Dec 17 17:15:36 +0000 2017";"5";"121";"929415";""
"BoniekZibi";"MiÅ‚e i przyjemneğŸ‘ğŸ»ğŸ‘ğŸ» https://t.co/FUoh2eLair";"Sun Dec 17 16:51:30 +0000 2017";"4";"80";"929415";""
"BoniekZibi";"Kto odkryciem jesieni? Ja mam dwa nazwiska,okoÅ‚o 20tej Was poinformuje,a co Wy na ten temat?";"Sun Dec 17 16:22:51 +0000 2017";"6";"174";"929415";""
"BoniekZibi";"Faktâš½ï¸âš½ï¸âš½ï¸ https://t.co/fqh07IVsYm";"Sun Dec 17 16:18:08 +0000 2017";"3";"49";"929415";""
"BoniekZibi";"Dzisiaj oglÄ…daÅ‚em 1 poÅ‚owÄ™ WBA,dramat zespÃ³Å‚.";"Sun Dec 17 15:17:16 +0000 2017";"13";"386";"929415";""
"BoniekZibi";"#leg- #wis nie widziaÅ‚em,wiÄ™c tylko ğŸ‘ğŸ»ğŸ‘ğŸ»ğŸ‘ğŸ» dla lepszych i WesoÅ‚ych SwiÄ…t dla obydwu druÅ¼ynğŸ„ğŸ„";"Sat Dec 16 23:23:52 +0000 2017";"5";"164";"929415";"leg:wis"
"BoniekZibi";"Jak ktoÅ› na ÅšwiÄ™ta znajdzie te drzwi,to zapraszam ğŸ‘ğŸ»ğŸ‘ğŸ» https://t.co/e21kDKa9mH";"Sat Dec 16 19:39:01 +0000 2017";"19";"453";"929415";""
"BoniekZibi";"PogoÅ„ wraca do gryğŸ‘ğŸ»ğŸ‘ğŸ»Arka solidnie,ale bez efektuğŸ‘ğŸ»ğŸ‘ğŸ»przyjemnego odpoczynku i do zobaczeniağŸ‘ğŸ»ğŸ‘ğŸ»";"Sat Dec 16 16:29:24 +0000 2017";"8";"197";"929415";""
"BoniekZibi";"#Maki udzieliÅ‚ pierwszego wywiadu po operacjiğŸ‘ğŸ»ğŸ‘ŠğŸ»ğŸ˜‚,jest dobrzeâš½ï¸ https://t.co/FD4MyBHTns";"Sat Dec 16 08:43:52 +0000 2017";"68";"1108";"929415";"Maki"
"BoniekZibi";"Ciekawe,przeczytaÅ‚em,pomyÅ›limyğŸ‘ğŸ»ğŸ˜‚ https://t.co/HBAX1B0sVs";"Fri Dec 15 21:46:20 +0000 2017";"5";"71";"929415";""
"BoniekZibi";"Kto ty jesteÅ›? Polak maÅ‚yğŸ˜‚ğŸ˜‚ https://t.co/9vVzmDpu5c";"Fri Dec 15 21:07:10 +0000 2017";"6";"90";"929415";""
"BoniekZibi";"MiaÅ‚em to samo! https://t.co/pT2cfWnlK5";"Fri Dec 15 20:46:08 +0000 2017";"2";"43";"929415";""
"BoniekZibi";"RÃ³Å¼nie moÅ¼na siÄ™ bawiÄ‡ na meczachğŸ‡µğŸ‡±ğŸ‘ğŸ»âš½ï¸ https://t.co/d9cqcO4lm5";"Fri Dec 15 17:17:58 +0000 2017";"5";"37";"929415";""
"BoniekZibi";"Wszyscy razemğŸ‘ğŸ»ğŸ‘ğŸ»ğŸ‘ŠğŸ» https://t.co/MgyJ5mCwS5";"Fri Dec 15 11:38:00 +0000 2017";"11";"52";"929415";""
"BoniekZibi";"FantastyczneğŸ‘ğŸ» https://t.co/NnNUy5WBW2";"Thu Dec 14 20:59:36 +0000 2017";"19";"290";"929415";""
"BoniekZibi";"UÅ›miechu i zdrowia.Najlepszego KubağŸ¾ğŸ¾ https://t.co/BYtY3qmICv";"Thu Dec 14 17:48:35 +0000 2017";"12";"295";"929415";""
"BoniekZibi";"Kto moÅ¼e,niech pomoÅ¼e. https://t.co/VsCEZPb8eM";"Wed Dec 13 12:13:06 +0000 2017";"137";"111";"929415";""
"BoniekZibi";"Witamy na pokÅ‚adzie,ludzi mÄ…drych,inteligentnych,znajÄ…cych piÅ‚kÄ™ nigdy nie za duÅ¼o,powodzeniaâš½ï¸ğŸ‡µğŸ‡±ğŸ‘ğŸ» https://t.co/MKTlFGY06F";"Wed Dec 13 11:27:51 +0000 2017";"22";"649";"929415";""
"BoniekZibi";"PamiÄ™tamğŸ‘ŠğŸ»ğŸ‘ŠğŸ» https://t.co/jbL574BMt7";"Wed Dec 13 08:28:49 +0000 2017";"18";"167";"929415";""
"BoniekZibi";"Czyli Piast gra w 9 ( test na inteligencje).";"Tue Dec 12 17:08:54 +0000 2017";"3";"41";"929415";""
"BoniekZibi";"SzmatuÅ‚a oszalaÅ‚,kompletnie nieudana interwencja,czerwieÅ„âš½ï¸ğŸ‘ğŸ»";"Tue Dec 12 17:06:18 +0000 2017";"2";"73";"929415";""
"BoniekZibi";"Tak jak lubiÄ™ Vasilieva,to jednak pytanie trzeba zadaÄ‡- ile ma kg nadwagi?ğŸ˜‚";"Tue Dec 12 17:04:49 +0000 2017";"2";"69";"929415";""
"BoniekZibi";"A to byÅ‚o takie trudne? https://t.co/M6Qi1uGuyY";"Tue Dec 12 15:09:18 +0000 2017";"3";"52";"929415";""
"BoniekZibi";"To pierwszy dziennikarz,ktorego pozwaÅ‚em! Dzisiaj wyrok- grzywna,koszty sÄ…dowe,przeprosiny w mediach,pisanie gÅ‚upot ma swÃ³j koniec.";"Tue Dec 12 15:01:22 +0000 2017";"12";"679";"929415";""
"BoniekZibi";"WspaniaÅ‚a gala z okazji 25lecia Polsatu.FachowoÅ›Ä‡,bezstronnoÅ›Ä‡,emocje,sport.GratulacjeğŸ‘ŠğŸ»ğŸ‘ğŸ»ğŸ‘ğŸ»";"Mon Dec 11 23:32:24 +0000 2017";"9";"463";"929415";""
"BoniekZibi";"Trzymamy kciuki! https://t.co/buFu6H9RbZ";"Mon Dec 11 17:53:58 +0000 2017";"5";"167";"929415";""
"BoniekZibi";"Pytanie-jaki mecz w 1/8 CL,po spotkaniu Szachtar -Roma,ma najwiÄ™kszy ciÄ™Å¼ar gatunkowy?";"Mon Dec 11 16:46:05 +0000 2017";"3";"69";"929415";""
"BoniekZibi";"Mamy plan na Mundial.Niezapomniane spotkanie! https://t.co/H9Z4wpQaMj";"Mon Dec 11 15:14:31 +0000 2017";"6";"57";"929415";""
"BoniekZibi";"A w LondynieğŸ‘ğŸ»ğŸ˜‚ https://t.co/WWBcjfvZnx";"Sun Dec 10 22:39:26 +0000 2017";"5";"72";"929415";""
"BoniekZibi";"ğŸ‘ğŸ»ğŸ‘ğŸ»ğŸ‘ğŸ»ğŸ‘ğŸ» https://t.co/tf892nZY4z";"Sun Dec 10 21:28:14 +0000 2017";"2";"31";"929415";""
"BoniekZibi";"Trzeba myÅ›leÄ‡( intensywnoÅ›c,motoryka) aby tak samo byÅ‚o za 10 latğŸ‘ğŸ» https://t.co/fpoJ4YHuRN";"Sun Dec 10 08:24:56 +0000 2017";"4";"72";"929415";""
"BoniekZibi";"FaktğŸ‘ğŸ» https://t.co/nxtw7frYJc";"Sat Dec 09 22:03:28 +0000 2017";"9";"95";"929415";""
"BoniekZibi";"Pani Premier @BeataSzydlo moÅ¼e czasami przyznaÄ‡ rentÄ™ specjalnÄ… i to zrobiÅ‚a.DziekujÄ™ w imieniu przyjacielağŸ‘ğŸ»ğŸ‘ğŸ»ğŸ‡µğŸ‡±ğŸ‡µğŸ‡±@WitoldBanka ğŸ‘ğŸ»ğŸ‘ğŸ»";"Sat Dec 09 21:45:50 +0000 2017";"100";"958";"929415";""
"BoniekZibi";"ğŸ‘ğŸ»ğŸ‘ğŸ»ğŸ‘ğŸ»PiÄ™kny gol #belgolğŸ‘ğŸ»ğŸ‘ğŸ»";"Sat Dec 09 20:45:34 +0000 2017";"2";"76";"929415";"belgol"
"BoniekZibi";"Za kaÅ¼dym razem po przyjÄ™ciu piÅ‚ki,pierwsza myÅ›l to podanie do tyÅ‚u,smutneğŸ‘ŠğŸ»ğŸ‘ŠğŸ»ğŸ‘ğŸ»ğŸ‘ğŸ»";"Sat Dec 09 16:05:24 +0000 2017";"5";"195";"929415";""
"BoniekZibi";"Tylko niech zacznie grac w pierwszej druzynie! https://t.co/RvVfddBxBy";"Sat Dec 09 00:16:23 +0000 2017";"2";"137";"929415";""
"BoniekZibi";"Kolorowo,barwnie ale merytorycznie ma racjÄ™! https://t.co/BurEv30fR6";"Fri Dec 08 12:38:47 +0000 2017";"5";"158";"929415";""
"BoniekZibi";"Komedia,totalna arogancja!";"Fri Dec 08 11:43:44 +0000 2017";"13";"272";"929415";""
"BoniekZibi";"Mecz otwarcia Euro 2020 w Rzymie!ğŸ†";"Thu Dec 07 14:54:06 +0000 2017";"37";"670";"929415";""
"BoniekZibi";"JakiÅ› komentarz "" dwojki......"" byÅ‚?";"Wed Dec 06 21:42:40 +0000 2017";"1";"57";"929415";""
"BoniekZibi";"Cudowne ğŸ‘ğŸ»ğŸ‘ğŸ»ğŸ‘ğŸ» https://t.co/5mU3r6ijAP";"Wed Dec 06 14:33:16 +0000 2017";"7";"106";"929415";""
"BoniekZibi";"Gramy w Polsce,sÄ… chÄ™tni ğŸ‡µğŸ‡±ğŸ‘ğŸ»ğŸ‘ğŸ» https://t.co/rnAmCyX1RD";"Wed Dec 06 11:22:15 +0000 2017";"3";"41";"929415";""
"BoniekZibi";"Czyli, jak mowiÄ… niektorzy, bedzie Å‚atwoğŸ‡µğŸ‡±ğŸ‡µğŸ‡±ğŸ˜‚ğŸ˜‚ https://t.co/4TdvxFGiua";"Wed Dec 06 07:07:53 +0000 2017";"16";"217";"929415";""
"BoniekZibi";"Gramy dalej #ğŸ‘ğŸ»ğŸ‘ğŸ»ğŸ‘ğŸ»Roma https://t.co/HgqRmcvtS6";"Tue Dec 05 22:55:44 +0000 2017";"4";"122";"929415";""
"BoniekZibi";"Nawet KsiÄ™Å¼yc chce zobaczyÄ‡ @JakubRzezniczakğŸ‘ğŸ»ğŸ‘ğŸ» https://t.co/Re7ZCAsShG";"Tue Dec 05 19:31:45 +0000 2017";"2";"191";"929415";""
"BoniekZibi";"Teraz trzeba zaczÄ…Ä‡ graÄ‡! https://t.co/F7wdflfkzS";"Tue Dec 05 08:45:39 +0000 2017";"4";"102";"929415";""
"BoniekZibi";"Zawsze od 4 grudnia do 6 stycznia. https://t.co/P8V2s6YdmB";"Mon Dec 04 19:02:37 +0000 2017";"29";"1261";"929415";""
"BoniekZibi";"KtoÅ› tu strzeli na 3-2ğŸ‘ğŸ»";"Mon Dec 04 18:41:14 +0000 2017";"1";"50";"929415";""
"BoniekZibi";"Stowarzyszenie SieÄ‡ Obywatelska- dziwnie brzmi, co to jest?";"Mon Dec 04 17:56:47 +0000 2017";"3";"58";"929415";""
"BoniekZibi";"Warto mieÄ‡ğŸ‘ğŸ»ğŸ‡µğŸ‡± https://t.co/B3sIGmA01S";"Mon Dec 04 16:21:43 +0000 2017";"8";"93";"929415";""
"BoniekZibi";"Jedyny GÅ‚owacki ma jaja, inni pÅ‚aczÄ… ,narzekajÄ…,szukajÄ… winnych, zapominajÄ…c o sobie i swoich druÅ¼ynachğŸ‘ŠğŸ»";"Mon Dec 04 11:00:00 +0000 2017";"12";"336";"929415";""
"BoniekZibi";"Trzeba obejrzeÄ‡! https://t.co/H065vRHn3L";"Mon Dec 04 09:29:15 +0000 2017";"2";"20";"929415";""
"BoniekZibi";"ğŸ‘ğŸ»ğŸ‘ğŸ»ğŸ‘ğŸ»Wojtek https://t.co/owVloHlPxY";"Sun Dec 03 20:29:19 +0000 2017";"4";"35";"929415";""
"BoniekZibi";"Zapata duÅ¼y i silny,ale @dkownacki24 jest lepszym piÅ‚karzem!";"Sun Dec 03 20:17:41 +0000 2017";"4";"215";"929415";""
"BoniekZibi";"Fantastyczny, emocjonujÄ…cy meczğŸ‘ğŸ»ğŸ‘ğŸ»âš½ï¸âš½ï¸Zurkowski jak wÅ‚Ä…czy piÄ…ty bieg,to zaczyna powoli kogoÅ› przypominaÄ‡ğŸ˜‚ğŸ˜‚";"Sun Dec 03 19:00:23 +0000 2017";"16";"630";"929415";""
"BoniekZibi";"Jak dÅ‚ugo na Wawelu.....jest naprawdÄ™ ğŸ‘ğŸ»ğŸ‘ğŸ»ğŸ‘ğŸ»ğŸ‘ğŸ»";"Sun Dec 03 16:59:16 +0000 2017";"9";"304";"929415";""
"BoniekZibi";"Najlepszego MistrzuğŸ‘ğŸ»ğŸ‘ğŸ» https://t.co/lsyCfBW8eo";"Sun Dec 03 16:47:57 +0000 2017";"16";"451";"929415";""
"BoniekZibi";"NiebywaÅ‚e, bramkarz Benevento strzela gola Milanowi na 2-2 w ostatniej minucieğŸ‘ğŸ»ğŸ‘ğŸ» https://t.co/LmgmQZsbGm";"Sun Dec 03 14:21:18 +0000 2017";"6";"257";"929415";""
"BoniekZibi";"Historia wszystkich meczÃ³w Reprezentacji,polecam. Åšwietny prezent! https://t.co/0rOK7h3ONd";"Sun Dec 03 08:55:16 +0000 2017";"13";"92";"929415";""
"BoniekZibi";"Przed losowaniem mÃ³wiono o medalu,tuÅ¼ po,trochÄ™ ciszejğŸ˜‚ğŸ˜‚,trzeba graÄ‡ a nie kalkulowaÄ‡.NaprzÃ³d PolskağŸ‡µğŸ‡±ğŸ‡µğŸ‡±";"Fri Dec 01 16:18:57 +0000 2017";"189";"2509";"929415";""
"BoniekZibi";"No dobra, mÃ³j typ : Anglia,Tunezja,AustraliağŸ‘ğŸ»ğŸ‡µğŸ‡±âš½ï¸";"Fri Dec 01 14:44:43 +0000 2017";"32";"449";"929415";""
"BoniekZibi";"CzyÅ¼by Kolumbia? https://t.co/DSqHPLJd0n";"Fri Dec 01 14:04:14 +0000 2017";"167";"2759";"929415";""
"BoniekZibi";"My gotowiğŸ‡µğŸ‡±âš½ï¸ğŸ‡µğŸ‡± https://t.co/oXQeeIGWVZ";"Fri Dec 01 13:06:18 +0000 2017";"135";"2458";"929415";""
"BoniekZibi";"Przyjemnej pracy,do jutra! https://t.co/hmCvLiE22F";"Thu Nov 30 22:22:35 +0000 2017";"3";"77";"929415";""
"BoniekZibi";"Moze byÄ‡ğŸ‘ğŸ» https://t.co/HY1plzbWYU";"Thu Nov 30 22:20:14 +0000 2017";"2";"47";"929415";""
"BoniekZibi";"Grube ustalenia ğŸ˜‚ğŸ‘ğŸ» https://t.co/BEuZXZXV6h";"Thu Nov 30 18:09:17 +0000 2017";"23";"700";"929415";""
"BoniekZibi";"W Moskwie wielka oficjalna kolacja.Wszyscy uÅ›miechniÄ™ci i wszyscy chcÄ… graÄ‡ z nami, ktoÅ› mi wytÅ‚umaczy dlaczego?ğŸ˜‚ğŸ˜‚";"Thu Nov 30 16:35:42 +0000 2017";"45";"1173";"929415";""
"BoniekZibi";"Za duÅ¼o AndrzejÃ³w znam,Å¼eby kaÅ¼demu z osobnağŸ‘ğŸ»ğŸ‘ğŸ»ğŸ‘ğŸ»Najlepszego dla wszystkich Andrzejow ğŸ¥‚ğŸ‘ŠğŸ»ğŸ¥‚";"Thu Nov 30 13:13:19 +0000 2017";"4";"360";"929415";""
"BoniekZibi";"My startujemy do Moskwy,a Wy zobaczcie toğŸ†ğŸ†ğŸ‡µğŸ‡± https://t.co/8nCyl4uwZ9";"Thu Nov 30 10:18:14 +0000 2017";"4";"59";"929415";""
"BoniekZibi";"Dzisiaj mija 37 rocznica "" afery"" na OkÄ™ciuğŸ˜‚ğŸ‘ğŸ»Jutro przed wyjazdem do Moskwy ( losowanie) rekonstrukcja wydarzeniağŸ˜‚ğŸ‘ğŸ».";"Wed Nov 29 15:59:32 +0000 2017";"37";"1115";"929415";""
"BoniekZibi";"Rozumiem,ze chodzi o te,co sÄ… na Mundialu? https://t.co/gZlbY6MQnU";"Wed Nov 29 08:14:31 +0000 2017";"1";"6";"929415";""
"BoniekZibi";"6/3 6/4 6/4 6/2 ğŸ˜‚ğŸ˜‚ğŸ˜‚o";"Tue Nov 28 21:35:00 +0000 2017";"3";"54";"929415";""
"BoniekZibi";"Legia kogo wybiera na przeciwnika w 1/2ğŸ†PP?";"Tue Nov 28 21:33:13 +0000 2017";"2";"69";"929415";""
"BoniekZibi";"Hej #Gornik kogo chcecie w 1/2PPğŸ‡µğŸ‡±?";"Tue Nov 28 18:39:23 +0000 2017";"5";"144";"929415";"Gornik"
"BoniekZibi";"Pytanie siÄ™ ciÅ›nie na usta-";"Tue Nov 28 18:30:55 +0000 2017";"1";"79";"929415";""
"BoniekZibi";"Za kaÅ¼dym pierwszym powoÅ‚aniem do Reprezentacji mÅ‚odzieÅ¼owej jest duma i radoÅ›Ä‡ rodzicÃ³w,dziadkÃ³w,najbliÅ¼szych.ğŸ‡µğŸ‡±âš½ï¸ğŸ‡µğŸ‡±Sport jest piÄ™kny ğŸ‘ğŸ»";"Tue Nov 28 07:57:32 +0000 2017";"19";"607";"929415";""
"BoniekZibi";"Nic tak dobrze nie robi  w tym wieku, jak gra na haliğŸ‘ğŸ» https://t.co/XuuyTyvpca";"Mon Nov 27 21:47:35 +0000 2017";"1";"54";"929415";""
"BoniekZibi";"NaprawdÄ™ inteligentny goÅ›Ä‡ğŸ‘ğŸ»";"Mon Nov 27 19:23:15 +0000 2017";"4";"158";"929415";""
"BoniekZibi";"Montella i Stokowiec zwolnieni,takie Å¼ycie trenerÃ³w.Pilkarzy nikt nie zwalniağŸ‘ğŸ»ğŸ‘ŠğŸ»";"Mon Nov 27 11:58:31 +0000 2017";"7";"295";"929415";""
"BoniekZibi";"PowodzeniağŸ‘ğŸ» https://t.co/4oZX3FW99Z";"Mon Nov 27 09:04:43 +0000 2017";"3";"21";"929415";""
"BoniekZibi";"Ok,zaczynamy nowy tydzieÅ„,ğŸ†ğŸ†PP i losowanie mundialowych grup.Szkoda ,ze centymetry mogÄ… powodowaÄ‡ takie animozje,nasze klimatyğŸ‘ğŸ»";"Mon Nov 27 07:59:27 +0000 2017";"7";"255";"929415";""
"BoniekZibi";"ğŸ‘ğŸ»ğŸ‘ğŸ»sÅ‚yszaÅ‚em,ze dobra impreza,wysoki poziom! https://t.co/6CLNP4gYrG";"Mon Nov 27 07:01:52 +0000 2017";"2";"43";"929415";""
"BoniekZibi";"Nie chodzi o Pana SÅ‚awkağŸ‘ğŸ»ğŸ‘ğŸ» https://t.co/azRYn57WXG";"Sun Nov 26 21:36:11 +0000 2017";"1";"21";"929415";""
"BoniekZibi";"Zeby nie bylo,ze siÄ™ wycofuje-goÅ›c pi.........yğŸ˜‚ğŸ˜‚";"Sun Nov 26 21:32:38 +0000 2017";"22";"497";"929415";""
"BoniekZibi";"Oggi Karolina compie 40 anniâ¤ï¸â¤ï¸ https://t.co/h1r6sUhIhq";"Sun Nov 26 13:04:12 +0000 2017";"13";"570";"929415";""
"BoniekZibi";"ğŸ‘ğŸ»ğŸ‘ğŸ»ğŸ‘ğŸ»GÃ³rnik. https://t.co/2w0kwcMhPh";"Fri Nov 24 22:06:24 +0000 2017";"8";"202";"929415";""
"BoniekZibi";"Oby, sympatyczny i co widziaÅ‚em takÅ¼e skutecznyğŸ‘ŠğŸ»ğŸ‘ŠğŸ» https://t.co/9SzWDBNqkc";"Fri Nov 24 16:45:51 +0000 2017";"3";"16";"929415";""
"BoniekZibi";"FakturÄ™ proszÄ™ wysÅ‚aÄ‡ na konto PZPN ğŸ˜‚ğŸ˜‚ https://t.co/JTXNeOkQtH";"Fri Nov 24 16:39:01 +0000 2017";"2";"244";"929415";""
"BoniekZibi";"Wielcy CL broniÄ… siÄ™ przed sÅ‚abszymi. Ponad 32%meczow w fazie grupowej koÅ„czy siÄ™ rÃ³Å¼nicÄ… 3 goli!";"Fri Nov 24 10:42:56 +0000 2017";"2";"41";"929415";""
"BoniekZibi";"ObowiÄ…zkowy prezent pod choinkÄ™,wszystkie mecze ReprezentacjiğŸ‡µğŸ‡± https://t.co/k4YVW22840";"Fri Nov 24 09:14:17 +0000 2017";"5";"40";"929415";""
"BoniekZibi";"Tego meczu naprawdÄ™ nie pamiÄ™taÅ‚em https://t.co/IRzNRZGvzb";"Thu Nov 23 19:25:57 +0000 2017";"2";"37";"929415";""
"BoniekZibi";"Czyli zmiana tv? https://t.co/hKi4RYrUVk";"Thu Nov 23 14:21:53 +0000 2017";"2";"31";"929415";""
"BoniekZibi";"MiaÅ‚eÅ› tego nie mowiÄ‡,nie tak byÅ‚o ustaloneğŸ‘ŠğŸ»ğŸ‘ŠğŸ» https://t.co/0Yh8c6cSF2";"Wed Nov 22 23:34:19 +0000 2017";"2";"23";"929415";""
"BoniekZibi";"Tak siÄ™ zastanawiam w ilu powaznych krajach, oprocz Polski,""dymi"" siÄ™ podczas meczow? Serbia,Turcja,Grecja i......";"Wed Nov 22 23:32:44 +0000 2017";"20";"479";"929415";""
"BoniekZibi";"Hallo MOSPğŸ‘ğŸ» https://t.co/kfbIO6Is6t";"Wed Nov 22 23:12:47 +0000 2017";"2";"23";"929415";""
"BoniekZibi";"Wy siÄ™ nigdy nie nauczycie,ze kary na kluby ESA nie nakÅ‚ada Pzpn,tylko KL.";"Wed Nov 22 23:08:08 +0000 2017";"2";"280";"929415";""
"BoniekZibi";"Ale to jednak przyjemnie ,ze "" nietolerowany"" czyta moje wywiady i siÄ™ do nich odnosi,analizuje,ocenia.MiÅ‚e.";"Wed Nov 22 23:00:47 +0000 2017";"1";"41";"929415";""
"BoniekZibi";"CzekamyğŸ‘ğŸ»ğŸ‡µğŸ‡± https://t.co/rlZcOqum9e";"Wed Nov 22 15:41:22 +0000 2017";"1";"48";"929415";""
"BoniekZibi";"MÅ‚odzi piÅ‚karze Legii wygrali w Amsterdamie rewanÅ¼ 2-0.Szkoda ,ze nie wystarczyÅ‚o do awansu(1-4 w WAW),ale kierunek pracy dobryğŸ‘ğŸ»âš½ï¸";"Tue Nov 21 21:58:57 +0000 2017";"4";"328";"929415";""
"BoniekZibi";"Najlepszy @TSmokowski jakiego widziaÅ‚em. GraÅ‚ znakomicie w parze ze wspaniaÅ‚ym deblistÄ….To nic ,ze przegraÅ‚ 5 na 5.Jest postÄ™p ğŸ˜‚ğŸ˜‚ #padel";"Tue Nov 21 21:26:54 +0000 2017";"1";"178";"929415";"padel"
"BoniekZibi";"Nareszcie, mogÄ™ spokojnie jechaÄ‡ do Puszczy B.Pan Min. Szyszko wyeliminowaÅ‚ wszystkie zagroÅ¼enia,niebezpieczeÅ„stwa.DziÄ™kuje Panie Min.ğŸ„";"Tue Nov 21 17:48:17 +0000 2017";"121";"1467";"929415";""
"BoniekZibi";"12letni chÅ‚opak mowi do swojego ojca; -Tata a pan Boniek jest prezesem bo jest najmÄ…drzejszy? @UEFAComPiotrK.Ma gÅ‚owÄ™ ten twÃ³j synğŸ‘ğŸ»ğŸ‘ğŸ»ğŸ˜‚ğŸ˜‚";"Tue Nov 21 17:16:33 +0000 2017";"9";"431";"929415";""
"BoniekZibi";"Zapowiada siÄ™ kolejny trudny wieczÃ³r dla @TSmokowski #padeltotrudnagra";"Tue Nov 21 16:40:54 +0000 2017";"2";"77";"929415";"padeltotrudnagra"
"BoniekZibi";"Traduzione:-fra 5anni 20 novembre parte Mondiale in Katar,in cittÃ  che ancora non esiste,in uno stadio che ancora nâ€¦ https://t.co/ZFujU4K6Pk";"Tue Nov 21 15:36:26 +0000 2017";"10";"39";"929415";""
"BoniekZibi";"Poznajecie? https://t.co/wZtRcMmCq3";"Mon Nov 20 13:49:01 +0000 2017";"8";"157";"929415";""
"BoniekZibi";"Kazda smierc jest smutna.Szkoda WÃ³jta. Ja bÄ™dÄ™ pamiÄ™taÅ‚ tylko rzeczy pozytywneğŸ™";"Mon Nov 20 12:46:12 +0000 2017";"31";"1345";"929415";""
"BoniekZibi";"ChciaÅ‚bym tylko przypomnieÄ‡, ze w tym roku nie ma podziaÅ‚u punktÃ³w, tak na wszelki wypadek!";"Sun Nov 19 19:38:34 +0000 2017";"6";"417";"929415";""
"BoniekZibi";"MuszÄ™ jechaÄ‡ do Nyon,szkoda,bo jest co oglÄ…dacâš½ï¸âš½ï¸";"Sun Nov 19 18:18:30 +0000 2017";"1";"72";"929415";""
"BoniekZibi";"SÄ… dwa swiaty......... https://t.co/vJ46CC6MB9";"Sun Nov 19 17:38:14 +0000 2017";"105";"1758";"929415";""
"BoniekZibi";"DobranocğŸ‘ğŸ»takÅ¼e dla @K_Stanowski . JesteÅ›my gotowi na finaÅ‚ LM ğŸ˜‚ğŸ˜‚ğŸ˜‚ https://t.co/koIRrSNQVh";"Sun Nov 19 00:25:35 +0000 2017";"10";"152";"929415";""
"BoniekZibi";"Jest jeden polityk(nie chodzi o @r_czarnecki)ktory mnie doprowadza do szaÅ‚u. Macie caÅ‚y weekend do myÅ›lenia,dla uÅ‚atwienia,nie jest z PiS";"Sun Nov 19 00:21:01 +0000 2017";"28";"341";"929415";""
"BoniekZibi";"Swoje obejrzaÅ‚em,trzeba wyciÄ…gnÄ…Ä‡ wnioski1.DymiÅ‚o siÄ™ tylko na pewnych stadionach2. Nich Tomek walczy ile chce,ale to tylko zabawa.";"Sat Nov 18 23:48:25 +0000 2017";"4";"100";"929415";""
"BoniekZibi";"Balski to przyszÅ‚oÅ›Ä‡.Jest mocny. Jedyny problem,ze na razie chce przeciwnika zabiÄ‡,a wystarczy tylko znokautowaÄ‡ğŸ‘ğŸ»ğŸ‘ğŸ»ğŸ‘ŠğŸ»ğŸ‘ŠğŸ»";"Sat Nov 18 22:02:10 +0000 2017";"3";"194";"929415";""
"BoniekZibi";"Balski i â€œ felicitÃ â€ fantastyczneğŸ‘ŠğŸ»ğŸ‘ŠğŸ»";"Sat Nov 18 21:26:41 +0000 2017";"1";"64";"929415";""
"BoniekZibi";"Czy nie za duÅ¼o tegoğŸ‘ŠğŸ»âš½ï¸ğŸ‘ğŸ» https://t.co/KKKSsdeK9A";"Sat Nov 18 19:53:58 +0000 2017";"6";"236";"929415";""
"BoniekZibi";"Italiani lubiÄ… poÅ¼artowaÄ‡ z siebie samych,ta sekwencja jest rozbrajajÄ…cağŸ˜„ğŸ˜„ https://t.co/HgJBgBN6XA";"Thu Nov 16 21:22:18 +0000 2017";"24";"203";"929415";""
"BoniekZibi";"WystarczyÅ‚o 20 minğŸ‘ğŸ»ğŸ‘ğŸ»";"Thu Nov 16 20:53:13 +0000 2017";"4";"104";"929415";""
"BoniekZibi";"Co tam ci sympatyczni Hiszpanie od nas chcÄ…?";"Thu Nov 16 20:30:37 +0000 2017";"3";"171";"929415";""
"BoniekZibi";"Jeszcze 30 obserwatorow brakuje,czekam.Daje Wam godzineğŸ‘ŠğŸ»ğŸ‘ŠğŸ»ğŸ‘ŠğŸ»";"Thu Nov 16 20:29:30 +0000 2017";"25";"287";"929415";""
"BoniekZibi";"Ode mnie teÅ¼ Panie WÅ‚adysÅ‚awie! https://t.co/p5Sbx09jKV";"Thu Nov 16 19:18:18 +0000 2017";"16";"136";"929415";""
"BoniekZibi";"No to za chwilÄ™ bedzie 900tys obserwujÄ…cych,niezÅ‚a partia by z tego powstaÅ‚ağŸ‘ğŸ»ğŸ˜‚";"Thu Nov 16 19:13:03 +0000 2017";"12";"817";"929415";""
"BoniekZibi";"O,widzÄ™ ze chcÄ™ zburzyÄ‡ PKiN. Jestem za,marzy mi siÄ™ wielka,nowoczesna gieÅ‚da samochodowağŸ‘ğŸ»";"Thu Nov 16 17:44:29 +0000 2017";"18";"369";"929415";""
"BoniekZibi";"CzyÅ¼by @lewy_official chciaÅ‚ strzeliÄ‡ hat trick-a na Mundialu? ğŸ˜‚ğŸ˜‚ oby https://t.co/NagW1G9gOp";"Thu Nov 16 17:37:41 +0000 2017";"16";"288";"929415";""
"BoniekZibi";"5 lat temu zaczynaliÅ›myâš½ï¸ğŸ‡µğŸ‡±Dzisiaj koszyk nr1 na Mundialu.Brawo dla wszystkich ktÃ³rzy doÅ‚oÅ¼yli siÄ™ do tego,jesteÅ›my dumni i pracujemy dalej.";"Thu Nov 16 16:00:33 +0000 2017";"171";"3390";"929415";""
"BoniekZibi";"WÅ‚osi szacujÄ… straty ( brak udziaÅ‚u w Mundialu) na okoÅ‚o Miliard Euro.";"Wed Nov 15 22:45:03 +0000 2017";"47";"409";"929415";""
"BoniekZibi";"Tyle krajÃ³w afrykanskich zakwalifikowaÅ‚o siÄ™ na Mundial, ze wÅ‚oscy przyjaciele mogÄ… byÄ‡ o oglÄ…dalnoÅ›Ä‡ zupeÅ‚nie spokojni!";"Wed Nov 15 22:02:43 +0000 2017";"283";"2645";"929415";""
"BoniekZibi";"Ja nieobecny usprawiedliwiony,zapraszam na kawÄ™ w nastÄ™pnym tygodniuğŸ‘ŠğŸ»ğŸ‘ŠğŸ» https://t.co/1M5NvV3pz5";"Wed Nov 15 16:11:16 +0000 2017";"3";"24";"929415";""
"BoniekZibi";"Nareszcie CiÄ™ wczoraj widzialem na Å¼ywo @Kamil_Grabara1";"Wed Nov 15 12:26:04 +0000 2017";"5";"346";"929415";""
"BoniekZibi";"Wczoraj Dania na stadionie im.KG w Dublinie daÅ‚a pokaz siÅ‚y.NalezÄ… siÄ™ brawa,wyprzedziliÅ›my mocnÄ… ekipÄ™ ğŸ‘ğŸ»ğŸ‘ğŸ»";"Wed Nov 15 09:07:24 +0000 2017";"11";"486";"929415";""
"BoniekZibi";"Do zobaczenia! https://t.co/jqiRvVVbn6";"Wed Nov 15 09:04:59 +0000 2017";"4";"45";"929415";""
"BoniekZibi";"Warto obejrzeÄ‡, dobra robota! https://t.co/XdzRIJcmxp";"Wed Nov 15 08:32:00 +0000 2017";"3";"57";"929415";""
"BoniekZibi";"Faworytami nie jesteÅ›my,ale........ https://t.co/XHtVC4bmNR";"Tue Nov 14 16:12:55 +0000 2017";"3";"246";"929415";""
"BoniekZibi";"Italia in crisi? Io preferisco sempre giocare ai Mondiali contro la ğŸ‡¸ğŸ‡ª che contro ""debole"" Italia ğŸ‡®ğŸ‡¹. @RobertoRenga  @zazzatweet";"Tue Nov 14 12:44:58 +0000 2017";"2";"53";"929415";""
"BoniekZibi";"To szczegÃ³lny przykÅ‚ad. https://t.co/picDlfVup3";"Tue Nov 14 12:39:17 +0000 2017";"1";"11";"929415";""
"BoniekZibi";"Brawo Darek, od dawna mÃ³wiÄ™ i myÅ›le podobnie w kwestii hymnu! https://t.co/FcemOa6xab";"Tue Nov 14 11:46:24 +0000 2017";"21";"456";"929415";""
"BoniekZibi";"Wygrywamy razem,przegrywamy razem. Jutro u-21 z DaniÄ…,przeciwnicy nie przegrali meczu w eliminacjach od 4 lat.WalczymyğŸ‡µğŸ‡±ğŸ‡µğŸ‡±";"Mon Nov 13 23:53:41 +0000 2017";"14";"351";"929415";""
"BoniekZibi";"A moÅ¼e rewanÅ¼ na Mundialu!Dzisiaj byli lepsiğŸ‘ğŸ» https://t.co/A6TubnHXBy";"Mon Nov 13 22:50:34 +0000 2017";"5";"96";"929415";""
"BoniekZibi";"Mamma Mia,mi dispiace!";"Mon Nov 13 21:48:49 +0000 2017";"53";"779";"929415";""
"BoniekZibi";"Na boisku moÅ¼e to inaczej wyglÄ…daÄ‡, ale dla mnie Meksyk to najlepszy,najsilniejszy z przeciwnikÃ³w w 2017 roku!";"Mon Nov 13 11:16:20 +0000 2017";"20";"408";"929415";""
"BoniekZibi";"Najlepszego Panie StanisÅ‚awie! https://t.co/Ap1o7lRmEQ";"Mon Nov 13 10:28:44 +0000 2017";"3";"114";"929415";""
"BoniekZibi";"Hymn przed meczem ma trwaÄ‡ 60-90sek,Å›piewamy dwie zwrotki 77 sek, widzÄ™ ze ktoÅ› ma z tym problem nie znajÄ…c przepisÃ³w? @Polsport";"Sun Nov 12 14:56:16 +0000 2017";"20";"433";"929415";""
"BoniekZibi";"Dzisiaj mija 37 rocznica jedynego zwyciÄ™stwa polskiej reprezentacji w wyjazdowym meczu nad HiszpaniÄ… 12.11.1980 2-0 dwa gole IwanağŸ‡µğŸ‡±ğŸ‡µğŸ‡±âš½ï¸âš½ï¸";"Sun Nov 12 14:45:00 +0000 2017";"24";"488";"929415";""
"BoniekZibi";"100% mlodych pilkarzy ktorzy wyjechali na zachÃ³d mowiÄ…,ze najwieksza roÅ¼nica to intensywnoÅ›Ä‡ treningu,panowie Trenerzy,Akademie, nie wstyd?";"Sat Nov 11 23:04:37 +0000 2017";"67";"1228";"929415";""
"BoniekZibi";"To trzeba podkreÅ›liÄ‡,to nasza praca,bardzo miÅ‚o @RobertoRenga @zazzatweet @FIFAcom https://t.co/QnRnun30ZD";"Sat Nov 11 22:42:05 +0000 2017";"4";"86";"929415";""
"BoniekZibi";"Mozna i tak na wyjeÅºdzieğŸ˜‚ğŸ‘ğŸ» https://t.co/nbSZ4dk7ZF";"Sat Nov 11 22:33:58 +0000 2017";"22";"257";"929415";""
"BoniekZibi";"Powiedzieli mi to od razu po meczu,przyjemnie nam wszystkim! https://t.co/S4oPVqVb9c";"Sat Nov 11 22:32:20 +0000 2017";"1";"61";"929415";""
"BoniekZibi";"Racja,proste i prawdziwe! https://t.co/6pA2dLnyhA";"Sat Nov 11 22:28:09 +0000 2017";"4";"112";"929415";""
"BoniekZibi";"PiÄ™kny koncert w TVP z okazji ÅšwiÄ™tağŸ‡µğŸ‡±ğŸ‡µğŸ‡± odÅ¼yÅ‚y wspomnienia, tylko bez politycznego hejtu proszÄ™.";"Sat Nov 11 22:05:28 +0000 2017";"16";"513";"929415";""
"BoniekZibi";"Richard to nawet w trzecim rzÄ™dzie jak stoi wie ktÃ³re miejsce wybraÄ‡ğŸ‘ğŸ»ğŸ‘ğŸ»@r_czarnecki";"Sat Nov 11 14:07:32 +0000 2017";"16";"361";"929415";""
"BoniekZibi";"Uczcijmy to, nic wiÄ™cej ğŸ‡µğŸ‡±ğŸ‡µğŸ‡± https://t.co/BXo1mesa83";"Sat Nov 11 07:54:57 +0000 2017";"140";"1484";"929415";""
"BoniekZibi";"Meksyk to wyÅ›mienity sprawdzian, wczoraj 3-3 z BelgiÄ….W poniedziaÅ‚ek w GdaÅ„sku poÅ¼egnamy Reprezentacyjny  rok! ğŸ‡µğŸ‡±âš½ï¸";"Sat Nov 11 07:29:30 +0000 2017";"13";"464";"929415";""
"BoniekZibi";"Nawet przyszÅ‚y Mistrz Swiata kibicuje Reprezentacji @SuleckiMaciej ğŸ˜‚ğŸ‘ğŸ»ğŸ‘ğŸ»ğŸ‘ŠğŸ»ğŸ‘ŠğŸ» https://t.co/Orp1UHrzev";"Fri Nov 10 23:29:16 +0000 2017";"4";"182";"929415";""
"BoniekZibi";"Jak chcemy mieÄ‡ piÅ‚kÄ™ klubowÄ… na eur.poziomie to niech wszyscy biorÄ… przykÅ‚ad,bez chamstwa ,obelg,wyzwisk,zacietrzeâ€¦ https://t.co/zodgdzFdOt";"Fri Nov 10 23:21:48 +0000 2017";"14";"246";"929415";""
"BoniekZibi";"No i nagadalismy siÄ™ po wÅ‚osku, porzÄ…dny goÅ›Ä‡. https://t.co/shTH2QQZHu";"Fri Nov 10 23:10:54 +0000 2017";"16";"504";"929415";""
"BoniekZibi";"Piekne poÅ¼egnanie @ArturBoruc ,dobry interesujÄ…cy mecz towarzyski.56 tys kibicow. PiÅ‚ka i organizacja przez duze ""P"" brawoğŸ‘ğŸ»ğŸ‘ğŸ»";"Fri Nov 10 23:09:04 +0000 2017";"37";"897";"929415";""
"BoniekZibi";"Dzisiaj poÅ¼egnalny mecz @ArturBoruc w Reprezentacji,ale kariera dalej trwa, moÅ¼e kiedyÅ› na zakoÅ„czenie wrÃ³ci do swojego ulubionego klubu?ğŸ‡µğŸ‡±";"Fri Nov 10 06:54:00 +0000 2017";"31";"1007";"929415";""
"BoniekZibi";"Niestety @GrosickiKamil przegraÅ‚ wszystko  trzy na trzy ,ten z lewej znany i trochÄ™ grağŸ‘ğŸ»znacie go? https://t.co/k0l8JKZsaJ";"Thu Nov 09 21:02:37 +0000 2017";"6";"120";"929415";""
"BoniekZibi";"ğŸ‘ğŸ»ğŸ‘ğŸ»ğŸ‘ğŸ» https://t.co/Rw9XeB9Yge";"Thu Nov 09 18:28:15 +0000 2017";"7";"210";"929415";""
"BoniekZibi";"Bravo Gino! https://t.co/BZXzKur5qA";"Thu Nov 09 17:41:58 +0000 2017";"17";"424";"929415";""
"BoniekZibi";"Tak jak powiedzialem, pierwszy mecz towarzyski bedzie pozegnaniem @ArturBoruc ğŸ‡µğŸ‡±ğŸ‡µğŸ‡± https://t.co/HDfhAaCT7g";"Thu Nov 09 13:57:33 +0000 2017";"41";"710";"929415";""
"BoniekZibi";"Dobrze byloby gdyby Bayern wziÄ…Å‚ z nas przyklad!";"Thu Nov 09 07:37:35 +0000 2017";"1";"194";"929415";""
"BoniekZibi";"Jeszcze jest 10te przykazanie! https://t.co/JcAWmNfygF";"Wed Nov 08 16:20:27 +0000 2017";"28";"194";"929415";""
"BoniekZibi";"PorzÄ…dny z Ciebie chÅ‚opğŸ‘ğŸ»ğŸ‘ğŸ» https://t.co/hQlj44GMNa";"Wed Nov 08 16:07:16 +0000 2017";"17";"398";"929415";""
"BoniekZibi";"Czyli jak zrobiÄ™ aktualizacjÄ™ TT to bedzie 240 znakow?chyba trzeba bedzie siÄ™ wypisaÄ‡ z tej zabawy";"Wed Nov 08 07:30:24 +0000 2017";"6";"189";"929415";""
"BoniekZibi";"Jak ja siÄ™ ciesze ze my gramy z Urugwajem i Meksykiem a nie jakieÅ› tam baraÅ¼e o Mundial,ufffa ile zdrowia zaoszczÄ™dzonegoğŸ‡µğŸ‡±âš½ï¸";"Tue Nov 07 22:26:10 +0000 2017";"74";"1330";"929415";""
"BoniekZibi";"Dzisiaj wieczorem w hotelu Repry byÅ‚o wiÄ™cej dziennikarzy niÅ¼ piÅ‚karzy i to jakie mocne nazwiska.";"Tue Nov 07 22:08:57 +0000 2017";"2";"146";"929415";""
"BoniekZibi";"MÄ…dre â€ jak siÄ™ dorszem urodziÅ‚eÅ› to Å‚ososiem nie umrzeszâ€.";"Tue Nov 07 18:39:31 +0000 2017";"28";"292";"929415";""
"BoniekZibi";"GruboğŸ˜‚âš½ï¸ğŸ‘ğŸ»ğŸ‡µğŸ‡± https://t.co/1mOBcAS76n";"Tue Nov 07 17:45:16 +0000 2017";"36";"609";"929415";""
"BoniekZibi";"ChoÄ‡ to tylko @KamilGapiski ğŸ˜‚ğŸ˜‚ğŸ˜‚to naprawdÄ™ dobry tekst. https://t.co/rLOLKm8qxl";"Tue Nov 07 17:07:49 +0000 2017";"1";"26";"929415";""
"BoniekZibi";"Pzpn wydaje rocznie na piÅ‚kÄ™ amatorskÄ… okoÅ‚o 70 mln zÅ‚.Federacja angielska okoÅ‚o 200mln funtÃ³w-remis!";"Tue Nov 07 14:14:24 +0000 2017";"9";"217";"929415";""
"BoniekZibi";"Pytanie do 6latka po treningu:-co mieliÅ›cie za trening?- byÅ‚y procedury-co? Jakie procedury?- procedury strzaÅ‚u, krycia, odbioru itdğŸ˜‚ğŸ˜‚";"Tue Nov 07 08:21:42 +0000 2017";"33";"997";"929415";""
"BoniekZibi";"O tej pozycji nie zapomniaÅ‚em ğŸ‘ğŸ»âš½ï¸ https://t.co/VNPbG9b61q";"Mon Nov 06 08:09:59 +0000 2017";"12";"192";"929415";""
"BoniekZibi";"Czasu maÅ‚o,roboty duÅ¼o a czytaÄ‡ trzeba. Od czego zaczÄ…Ä‡? https://t.co/STvyP0UDhk";"Mon Nov 06 08:07:41 +0000 2017";"5";"104";"929415";""
"BoniekZibi";"MeczychoğŸ˜‚âš½ï¸ğŸ‘ğŸ»";"Sun Nov 05 18:21:42 +0000 2017";"3";"94";"929415";""
"BoniekZibi";"Mistrza Jesieni nikt Wam nie odbierzeğŸ‘ğŸ»ğŸ‘ğŸ»ğŸ‘ğŸ»Brawo GÃ³rnikğŸ‘ğŸ»";"Sat Nov 04 22:27:43 +0000 2017";"50";"867";"929415";""
"BoniekZibi";"NieprawdopodobneğŸ‘ğŸ»ğŸ‘ğŸ»Å»enada ğŸ‘ğŸ»ğŸ‘ğŸ»";"Sat Nov 04 18:25:00 +0000 2017";"3";"109";"929415";""
"BoniekZibi";"Najlepszego takÅ¼e ode mnie Trenerze! https://t.co/YdjD4OfCoq";"Fri Nov 03 21:19:31 +0000 2017";"2";"51";"929415";""
"BoniekZibi";"Korona pokazuje,ze problemem nie jest 18 druÅ¼yn w ESA. Problem to koncepcja, przygotowanie, praca,taktyka.KÅ‚ania siÄ™ takÅ¼e Gornik i Sandecja";"Fri Nov 03 19:08:36 +0000 2017";"13";"393";"929415";""
"BoniekZibi";"SpecjaliÅ›ci mÃ³wili ,ze pewnie spadnÄ…ğŸ˜‚ğŸ˜‚Brawo KoronağŸ‘ğŸ»ğŸ‘ğŸ»";"Fri Nov 03 18:54:35 +0000 2017";"14";"476";"929415";""
"BoniekZibi";"ByÅ‚y oÅ›wiadczynyâ¤ï¸zarÄ™czynowe pierÅ›cionki mojej cÃ³rki i @CaroWozniacki.Bardzo podobne ğŸ‘ğŸ»ğŸ‘ğŸ»â¤ï¸â¤ï¸ğŸ˜‚ğŸ˜‚ğŸ˜‚ i oby byÅ‚y tak saâ€¦ https://t.co/KmNa2u4OWH";"Fri Nov 03 18:48:25 +0000 2017";"13";"417";"929415";""
"BoniekZibi";"PowodzeniağŸ‘ŠğŸ»ğŸ‘ŠğŸ» https://t.co/es0rZ8yplk";"Fri Nov 03 16:34:47 +0000 2017";"1";"24";"929415";""
"BoniekZibi";"Najlepszego @BorekMati ğŸ’°ğŸ’¯ğŸ‘ğŸ»";"Thu Nov 02 10:51:06 +0000 2017";"2";"296";"929415";""
"BoniekZibi";"Prezes po poÅ‚udniu w duÅ¼ej formieğŸ´ğŸ´nr6, kurtka biaÅ‚o-czerwona https://t.co/RNgtzlNm7F ğŸ‘ğŸ»ğŸ‘ğŸ»ğŸ´ğŸ´";"Wed Nov 01 19:15:07 +0000 2017";"8";"77";"929415";""
"BoniekZibi";"Che Bella Che sei ....Roma. https://t.co/S4D4NBAmFf";"Wed Nov 01 09:55:47 +0000 2017";"28";"551";"929415";""
"BoniekZibi";"DawaÄ‡ te Barcelony,Bayerny i Manchestery-)";"Tue Oct 31 22:04:50 +0000 2017";"5";"245";"929415";""
"BoniekZibi";"To czas spokoju,przemyÅ›leÅ„.PamiÄ™tajmy o najbliÅ¼szychâ¤ï¸ https://t.co/dTLZOxOYUr";"Tue Oct 31 18:02:03 +0000 2017";"7";"270";"929415";""
"BoniekZibi";"Pierwszy z czterech albumÃ³w. ObowiÄ…zkowy prezent pod choinkÄ™ dla miÅ‚oÅ›nika âš½ï¸âš½ï¸ https://t.co/FBBTlHbf58";"Tue Oct 31 11:41:39 +0000 2017";"10";"63";"929415";""
"BoniekZibi";"Co ten czas z ludzi robi? Kto to?ğŸ˜‚ https://t.co/nvEqbfor9b";"Tue Oct 31 10:49:35 +0000 2017";"15";"857";"929415";""
"BoniekZibi";"Sorry ale nie mogÄ™ juÅ¼ sÅ‚uchaÄ‡ idiotyzmÃ³w typuâ€ Prezes mÃ³wi,ze iloÅ›Ä‡ druÅ¼yn w Esa(18) podniesie poziomâ€.Poziom nie podnosi siÄ™ iloÅ›ciÄ… druz.";"Tue Oct 31 08:13:25 +0000 2017";"18";"557";"929415";""
"BoniekZibi";"10 druÅ¼yn=180 meczÃ³w. 18 druÅ¼yn =306 meczow.w prawach tv to ogromna rÃ³Å¼nica;oj matoÅ‚ki,matoÅ‚ki.";"Mon Oct 30 21:36:20 +0000 2017";"4";"292";"929415";""
"BoniekZibi";"Szkoda czasu.";"Mon Oct 30 21:16:50 +0000 2017";"4";"35";"929415";""
"BoniekZibi";"Jak graÅ‚em w Polce co roku byÅ‚ obÃ³z zimowy i pluÅ‚o siÄ™ krwiÄ…, pÅ‚akaÅ‚o;dzisiaj Cypr,Turcja.Oj,przepraszam piÅ‚ka siÄ™ zmieniÅ‚a.";"Mon Oct 30 19:46:01 +0000 2017";"36";"921";"929415";""
"BoniekZibi";"Czyli moÅ¼na graÄ‡ w czwartek ( PP) i w poniedziaÅ‚ek( ESA).";"Mon Oct 30 19:11:13 +0000 2017";"6";"269";"929415";""
"BoniekZibi";"Tak @TSmokowski wyglÄ…daÅ‚ po meczu. Ja graÅ‚em z tym sympatycznym, mÅ‚odym grubaskiem co ma t shirt z dziwnymi napisamâ€¦ https://t.co/rNO4tSfih1";"Sun Oct 29 21:23:50 +0000 2017";"13";"519";"929415";""
"BoniekZibi";"Chcecie siÄ™ poÅ›miaÄ‡? https://t.co/bFJZihGwio";"Sun Oct 29 15:34:22 +0000 2017";"2";"110";"929415";""
"BoniekZibi";"Joshua to gdzies jest na Å¼ywo?";"Sat Oct 28 21:22:08 +0000 2017";"1";"53";"929415";""
"BoniekZibi";"ChÅ‚opcy z C+ by siÄ™ nauczyli ,ze za zagranie rÄ™kÄ… nie ma juÅ¼ Å¼Ã³Å‚tych obowiÄ…zkowych kartek i to od roku chyba!";"Sat Oct 28 19:50:19 +0000 2017";"15";"485";"929415";""
"BoniekZibi";"Z  Tr NawalkÄ… po Rosji ciÄ…g dalszyâš½ï¸âš½ï¸";"Sat Oct 28 09:22:12 +0000 2017";"33";"825";"929415";""
"BoniekZibi";"Daswidania, jutro do zrobienia prawie 5tys km";"Fri Oct 27 21:00:37 +0000 2017";"0";"116";"929415";""
"BoniekZibi";"Brawo. https://t.co/I1PMGi0XzS";"Fri Oct 27 20:33:30 +0000 2017";"0";"27";"929415";""
"BoniekZibi";"Kolacja-na poczÄ…tek dyskusje o piÅ‚ce, skoÅ„czyÅ‚o siÄ™ jak zawsze o .....ğŸ˜‚ğŸ˜‚ğŸ‘ğŸ»ğŸ‘ğŸ» https://t.co/5ow0JPvp5H";"Fri Oct 27 20:30:35 +0000 2017";"26";"945";"929415";""
"BoniekZibi";"Racja! https://t.co/wNxlzVksRO";"Fri Oct 27 17:34:07 +0000 2017";"1";"19";"929415";""
"BoniekZibi";"Termin tragiczny! https://t.co/mZXG4k7PRY";"Fri Oct 27 17:03:22 +0000 2017";"5";"128";"929415";""
"BoniekZibi";"Wczoraj zjazd ,dzisiaj juÅ¼ 2tys km na wschÃ³d, ekipa PZPN pracuje https://t.co/XQBeitMp1l";"Fri Oct 27 11:14:36 +0000 2017";"16";"533";"929415";""
"BoniekZibi";"DobranocğŸ˜‚ğŸ˜‚ https://t.co/0sa8pvsryq";"Thu Oct 26 21:27:09 +0000 2017";"67";"281";"929415";""
"BoniekZibi";"Dobre,Å›mieszne ,ale jakÅ¼e prawdziwe. https://t.co/WiK5yev4EJ";"Thu Oct 26 20:48:30 +0000 2017";"13";"90";"929415";""
"BoniekZibi";"Czyli mamy trzech mocnych faworytow w rewanÅ¼ach 1/4 PP i jeden mecz fifty/fiftyğŸ†ğŸ†";"Thu Oct 26 20:21:22 +0000 2017";"5";"96";"929415";""
"BoniekZibi";"To jest newsğŸ‘ğŸ»ğŸ‘ğŸ»ğŸ˜‚ https://t.co/XmaxOBbj3T";"Thu Oct 26 18:55:48 +0000 2017";"2";"31";"929415";""
"BoniekZibi";"Jak zostaniesz MÅš to pÃ³jdÄ… na aukcje dla potrzebujÄ…cych ğŸ‘ŠğŸ»ğŸ‡µğŸ‡± https://t.co/Z8bxZBJCpa";"Wed Oct 25 12:27:15 +0000 2017";"0";"102";"929415";""
"BoniekZibi";"Chijniczanka ambitnie,ale GÃ³rnik zdecydowanie lepszy,brawo ğŸ†ğŸ†ğŸ‡µğŸ‡±ğŸ‡µğŸ‡±pÃ³Å‚finaÅ‚ blisko!";"Tue Oct 24 21:46:04 +0000 2017";"4";"200";"929415";""
"BoniekZibi";"Zaczynamy walkÄ™ o 1/2 PP. Powodzenia dla wszystkich ğŸ‡µğŸ‡±ğŸ†ğŸ‡µğŸ‡±";"Tue Oct 24 16:17:45 +0000 2017";"6";"202";"929415";""
"BoniekZibi";"Oby https://t.co/rtqsC4DDR9";"Tue Oct 24 10:09:43 +0000 2017";"4";"120";"929415";""
"BoniekZibi";"PrzeczytaÅ‚em ,ze Trener AN poczÄ™stowaÅ‚ wczoraj wszystkich â€sÅ‚odkoÅ›ciamiâ€ w PZPN i wziÄ…Å‚ siÄ™ do robotyğŸ˜‚ğŸ˜‚ğŸ˜‚ğŸ˜‚ğŸ˜‚.Nie byÅ‚o Go wczoraj w Warszawie.";"Tue Oct 24 07:43:41 +0000 2017";"10";"304";"929415";""
"BoniekZibi";"Panowie Pismaki,proszÄ™ nie pisaÄ‡ gÅ‚upot.Pierwsza Reprezentacja ma priorytet.Trener AN moÅ¼e powoÅ‚aÄ‡ kaÅ¼dego piÅ‚karza.MiÅ‚ego dnia!";"Tue Oct 24 07:38:13 +0000 2017";"6";"420";"929415";""
"BoniekZibi";"PowodzeniağŸğŸ‘ğŸ»ğŸ‘ğŸ» https://t.co/CawCHQDE6p";"Tue Oct 24 06:51:07 +0000 2017";"0";"49";"929415";""
"BoniekZibi";"Ok, wszystko dobrze ale dlaczego Deni Alves a nie Piszczek? Neymar tez chyba nie zrobiÅ‚ wiÄ™cej niÅ¼ @lewy_official ğŸ‡µğŸ‡±ğŸ‘ğŸ»";"Mon Oct 23 20:53:45 +0000 2017";"42";"827";"929415";""
"BoniekZibi";"Zibi pamiÄ™tasz mnie? ZdrÄ™twiaÅ‚em i strzeliÅ‚em-Tomas Nâ€Kono.Mialem racje ğŸ¾ğŸ‘ğŸ»ğŸ‘ğŸ» https://t.co/dD9iq1SXOn";"Mon Oct 23 17:13:41 +0000 2017";"15";"762";"929415";""
"BoniekZibi";"U-17 gra dalejğŸ‘ğŸ»ğŸ‘ğŸ»ğŸ‘ğŸ»Na wiosnÄ™ walczymy o FinaÅ‚yğŸ‡µğŸ‡±ğŸ‡µğŸ‡±Brawo Trener,Brawo ChÅ‚opakiğŸ‘ğŸ»ğŸ‘ğŸ»";"Mon Oct 23 15:07:48 +0000 2017";"8";"163";"929415";""
